label,ax,ay,az,gx,gy,gz
0,14136,-4188,8008,116,259,439
0,13916,-3696,8452,-206,586,-65
0,14156,-4288,8032,-569,333,-626
0,13780,-3536,8492,-665,666,-835
0,14112,-3396,9440,-1561,236,-656
0,14088,-3664,9124,-6213,9805,-4661
0,14160,-3716,8148,-4578,7928,-3028
0,10760,-3692,10756,-2765,1102,-6424
0,15356,-2704,8244,1000,-3934,-639
0,12884,-1756,10372,-385,828,505
0,13532,-2120,10720,13,-1056,-334
0,13676,-1716,9644,404,-397,-408
0,12880,-2756,10160,647,-373,-564
0,14500,-1616,7320,3940,-3337,4762
0,14092,-8152,5348,435,-471,15468
0,9840,-56,14984,2627,2321,-6480
0,12128,-3632,11280,416,2226,258
0,13216,-2944,11844,470,2520,-755
0,13472,-4488,8424,-748,-744,4
0,13236,-4132,10664,-1805,2091,1569
0,12988,-5392,9280,-1476,260,654
0,12868,-4712,9604,-815,-363,-150
0,12592,-4772,9756,-528,262,216
0,12344,-5640,10328,-424,-520,-712
0,12516,-4492,10724,-732,376,-15
0,12500,-5392,9692,1947,1048,-2717
0,11932,-5096,11808,-1413,88,1837
0,12496,-6152,9372,151,-116,642
0,12440,-5212,10180,88,-972,902
0,12348,-4984,9924,-2327,-1599,5276
0,12596,-8396,6460,-7018,2905,8827
0,9568,-11500,9416,-3120,3308,3180
0,10404,-8904,8108,-1602,23,44
0,9868,-9656,8912,150,-668,-1336
0,9948,-10660,9856,1713,-1567,-3779
0,10964,-8512,9352,2158,78,-3416
0,12064,-8076,8860,1297,1400,-3645
0,11544,-6468,9960,1839,1663,-4736
0,11704,-6656,9504,-2469,-1064,5236
0,10988,-8856,10064,-627,215,1909
0,11628,-7812,9024,-10,186,1103
0,10612,-8744,10164,-123,609,-32
0,11080,-8232,9468,686,648,-226
0,11020,-8352,9696,-131,383,-350
0,10936,-8180,9552,16,646,242
0,11152,-10036,9924,132,-194,-4190
0,12224,-5252,5196,-951,2054,2879
0,11732,-7560,9564,756,-665,-685
0,11080,-8232,10424,1691,27,-955
0,11176,-6856,10312,3025,723,-2637
0,11160,-2980,14636,-2622,2179,-1260
0,12744,-7772,8232,-4375,851,-759
0,11044,-7904,9948,-3023,2177,-1206
0,11656,-7196,9148,-1923,-483,-375
0,11364,-7616,10016,-1995,362,91
0,11488,-8284,9208,-613,405,1127
0,11332,-7584,9112,-227,145,81
0,11684,-7752,9256,-711,553,1426
0,11208,-8936,9284,-1708,697,1902
0,9900,-9928,9676,2016,67,-1289
0,9388,-8812,9476,-468,1213,592
0,10356,-8804,10016,-1894,3400,2790
0,9304,-7796,9432,-1688,1343,931
0,9652,-11436,8696,4572,-1372,-3112
0,9284,-11072,10744,1417,2197,3436
0,10944,-7412,9684,4080,-1647,-1556
0,10776,-8336,9704,4476,-910,-2691
0,11300,-6436,10328,-125,1202,-1477
0,12260,-4984,9480,-3382,1111,1236
0,11448,-6820,10352,-3352,4382,849
0,11548,-8856,10684,-2344,2402,-216
0,11136,-7088,10092,-610,351,-1928
0,11560,-6752,9824,-504,112,763
0,12332,-7772,8968,-593,-527,123
0,11696,-7160,8976,-693,-37,490
0,11592,-6900,9776,274,-680,-457
0,12356,-7312,8228,-450,457,-455
0,11372,-5664,11308,-1757,2635,3949
0,10876,-7792,10512,1327,-1111,4729
0,11116,-6872,9972,1694,-3362,1593
0,10600,-8232,10192,-203,-1261,963
0,10252,-8964,10300,51,554,-469
0,10640,-7896,9920,168,146,219
0,11268,-7704,9024,540,453,-176
0,10868,-8044,9924,-51,526,188
0,10816,-9060,10000,-3543,427,47
0,9920,-3060,10148,1936,3435,-3265
0,10764,-11012,10056,-2210,740,1503
0,11416,-7908,9244,-530,926,741
0,11176,-7176,9436,-697,924,258
0,10688,-8316,9744,-52,221,-878
0,10712,-7956,10616,-16,234,-614
0,10948,-7248,10040,298,-308,-713
0,10976,-8044,9976,-272,719,-42
0,10824,-7464,10292,44,-657,-633
0,10976,-8016,9896,21,841,-252
0,11000,-7324,9740,161,166,-544
0,10840,-7964,10348,-457,338,393
0,11036,-7152,10508,-64,-249,78
0,10732,-7140,9872,81,938,410
0,10832,-7392,9512,132,-358,-492
0,10760,-8124,10232,-26,755,-207
0,10972,-7356,9856,-197,17,-478
0,10596,-8012,10000,-431,541,-117
0,11032,-7872,9968,-309,815,-533
0,10948,-7940,10156,-154,946,-1293
0,10308,-5312,11892,3121,-118,-3560
0,8776,-5792,13188,-2033,-319,-5839
0,13460,-7988,7776,-6326,-10516,-4982
0,13204,-7292,6164,-864,1110,-12724
0,14552,-48,7812,2083,-1452,-7600
0,16344,-672,6384,3208,-220,6650
0,13792,-4492,6728,2394,978,8380
0,10912,-4080,11716,-7674,6706,3466
0,14884,-7868,7244,-3950,-749,5495
0,12376,-7516,8336,3030,-2146,1136
0,13028,-6780,7928,3678,146,496
0,11712,-8924,8348,4274,-3094,1700
0,12476,-7568,8836,2273,2213,1273
0,12024,-7036,10320,357,-2594,-3270
0,12960,-4664,8552,160,1323,-2647
0,12752,-3736,10184,2,2160,-1273
0,12264,-5888,9720,30,2273,-2961
0,11704,-5612,9780,-2186,-1598,5281
0,12456,-5848,13496,32,2072,-1529
0,12744,-4764,9932,1665,2761,-4187
0,12160,-4152,10340,-1051,913,1355
0,11916,-7896,9208,-1254,624,-636
0,11984,-5808,10028,-200,-264,2876
0,11444,-6668,10368,329,-368,1684
0,11660,-6568,10132,-78,211,-5
0,11608,-6496,10492,71,-5,28
0,12036,-6576,9540,-1175,1146,-682
0,11828,-6516,10080,-185,361,28
0,11756,-6560,9948,-288,136,562
0,11704,-6648,9820,-185,290,164
0,11472,-6148,10148,-1396,-42,-158
0,12088,-7960,9360,-3536,877,113
0,11800,-7232,9300,1439,-163,834
0,11988,-7000,9300,1476,-571,1332
0,11524,-7212,11136,2445,-1272,982
0,11280,-6836,11160,-653,-1375,-2112
0,9832,-8704,11052,-5787,9863,-14171
0,13580,-2100,9372,3615,-13682,-6402
0,15840,-6448,2288,-8044,4210,-1121
0,13684,-2744,7052,-1249,2617,-5615
0,15488,-2164,8304,-1728,-1009,-2428
0,14104,-3672,8180,-965,-2840,921
0,15232,-3872,8236,-295,490,955
0,14324,-3868,7928,1967,-402,-2926
0,14716,-2428,7316,654,-214,-2019
0,14544,-3056,8016,-121,442,-289
0,14836,-2772,7496,-458,352,200
0,14500,-4036,7256,302,224,-418
0,14488,-3444,7296,109,167,-1026
0,14604,-3072,7408,-81,127,-119
0,14740,-2956,7588,217,338,-719
0,14412,-3328,7376,-537,253,513
0,14364,-4352,6748,562,-146,-999
0,14096,-4468,6264,2378,-1720,-6093
0,18208,-56,6120,-392,1795,5610
0,11104,-6612,7980,4204,1202,15220
0,14928,-5564,5472,13004,-8051,5683
0,11172,-6308,11208,3974,6817,1308
0,13304,-4400,10448,360,1454,-1740
0,13708,-4716,9692,-37,428,-1245
0,13604,-4244,10108,-2376,2613,303
0,14680,-5456,9512,-3730,4167,4432
0,12616,-8064,9380,-2216,762,1825
0,12440,-7284,7068,-782,-1160,1228
0,11528,-8292,8264,-577,7060,2785
0,9852,-8908,8708,-1189,250,6116
0,9060,-10112,8980,566,-1123,4012
0,8260,-9856,10060,69,22,2094
0,8288,-10248,9396,-220,729,332
0,9800,-10800,8992,322,806,-1901
0,9392,-10960,10180,-233,-282,-843
0,10476,-7828,10168,-740,1115,-1015
0,9212,-10628,10544,-3244,-3170,4850
0,7364,-9324,11172,888,-681,1617
0,10372,-11028,7284,-1459,2072,679
0,9092,-9744,9844,-1422,2844,6131
0,8088,-11804,8516,-1069,-194,5491
0,6588,-11216,9624,-494,1845,2388
0,7092,-11736,9740,570,1100,-1437
0,7636,-11420,9636,-855,1577,-1367
0,7416,-11872,9648,121,1149,-1086
0,7224,-11904,9460,-476,-510,-3993
0,8724,-11380,9592,2168,-1833,-7152
0,10104,-9572,9492,558,-3488,-2566
0,10824,-9952,8672,2379,-7872,-1824
0,12740,-8592,5720,7725,-19895,375
0,15148,-7652,4196,7171,-10859,1044
0,12036,-7724,7328,2999,-3589,1547
0,15040,-7924,2404,1983,-11988,-7263
0,14888,-5584,3548,3032,1081,-12016
0,18476,-1968,1920,-2867,3330,-5389
0,16536,-2740,3684,-12651,13082,1957
0,14628,-5356,6156,-8902,8177,1614
0,14760,-5380,6196,-3739,4091,1594
0,14216,-6672,6328,-2537,2675,1525
0,14104,-5364,7312,-1510,35,2232
0,11976,-7184,6040,-10215,14269,12330
0,7072,-12732,7556,-8928,13626,14102
0,7288,-14240,7656,-480,2848,-2238
0,8120,-12436,8468,-9,797,-1609
0,8756,-12148,8156,982,1036,-540
0,8104,-12148,8184,-700,-350,1100
0,8140,-12508,8172,1449,-1496,596
0,8160,-12168,8228,1944,-1022,1367
0,8932,-12428,8100,3336,-1471,-415
0,8208,-10744,9180,3340,-8007,529
0,9728,-11236,8156,2992,-2998,-87
0,9512,-10616,9200,2565,-6165,1017
0,10796,-10580,7684,2756,-4008,-41
0,10296,-9836,8724,250,-776,1050
0,10212,-10320,8304,682,667,-641
0,10072,-10436,7844,6,-846,-249
0,10384,-10428,7924,2068,-965,-1256
0,11312,-9104,7872,1118,-1819,-783
0,11204,-9220,8676,423,1335,-1190
0,11036,-9132,8208,-759,858,-71
0,11408,-9176,8552,160,1640,-636
0,11012,-9256,7872,-869,491,-365
0,10980,-9080,9112,-119,1379,-378
0,10988,-9480,7732,-372,41,-200
0,11044,-9148,8992,-28,499,40
0,11008,-9292,8184,-406,290,-218
0,11068,-9184,9132,-324,79,346
0,11004,-9376,8228,-310,163,-324
0,10984,-9300,8924,-191,123,121
0,10984,-9300,8408,-54,410,-171
0,11080,-9128,8680,-495,769,237
0,10896,-9432,8324,-24,410,-342
0,11140,-9312,8432,-527,429,142
0,10852,-9344,8448,320,871,-967
0,10908,-9244,8648,-340,105,119
0,10880,-9060,8800,493,297,-471
0,11096,-9172,8912,-674,630,-52
0,10616,-9248,8632,-70,227,347
0,11168,-9136,8584,-380,373,-383
0,10744,-9412,8856,-567,310,181
0,10476,-9692,8244,-672,553,-659
0,10824,-9104,8852,332,1183,-1358
0,12152,-9096,7552,-345,2055,-1051
0,9340,-9476,10520,-998,13150,5001
0,7780,-10280,10476,2975,-16472,-782
0,11260,-9040,8488,4308,-14306,-1467
0,12928,-8524,6204,3492,-4870,-489
0,12752,-7204,8300,4144,-5942,95
0,14392,-6776,5528,3522,-10198,5013
0,14312,-9136,3816,-252,-8244,9043
0,12784,-10688,2068,-2571,-1292,6308
0,11892,-12108,3144,-2139,2133,1519
0,12008,-11728,1940,-2996,2867,4667
0,10132,-13380,2824,-3371,8760,1567
0,9352,-12772,4108,-4450,14731,1557
0,9404,-13352,3156,-3276,20331,943
0,5744,-13636,7248,-1670,22619,-4523
0,7428,-13736,7240,169,4678,-1518
0,6264,-13532,8580,1442,10416,-3495
0,4960,-12864,9952,1449,3038,-11705
0,7576,-10164,9696,1767,5085,-15393
0,10372,-8220,11084,3161,-3058,-10079
0,11456,-6948,8988,536,-1122,-5512
0,11568,-6692,10892,4527,-9367,2444
0,12256,-7260,8324,1111,-2102,3365
0,11860,-7100,9804,2748,-4545,1638
0,12896,-7376,7236,576,-2144,4291
0,12748,-7760,8048,1743,-3721,4081
0,12020,-8656,7300,1646,-4338,4796
0,12176,-8508,7760,2174,-3903,2587
0,12044,-9344,5856,2146,-9907,3984
0,13852,-8876,5540,1340,-2405,661
0,12132,-9796,4940,172,-4253,3859
0,13324,-9920,4188,995,-170,3678
0,10316,-11384,5200,-1347,7057,8141
0,9920,-12408,5284,1029,6363,3254
0,8356,-12292,5192,1018,6360,1458
0,8836,-11920,7544,3076,-4528,244
0,7816,-11700,8024,2661,-8351,1140
0,9020,-13624,7460,3079,-26875,3762
0,9896,-12808,4524,4774,-18503,3817
0,10672,-11828,2256,1574,-8315,1408
0,10408,-12680,-484,1579,-24597,5223
0,10408,-14340,-2176,-5076,3717,2462
0,7104,-13808,556,-4757,16319,-3233
0,10252,-14328,-4776,-1755,22002,-1307
0,9932,-13636,748,4763,27417,2729
0,6384,-13280,6884,-625,7834,2320
0,9272,-13180,5320,433,4960,-2714
0,10156,-13520,3888,719,11313,1037
0,8164,-13868,6500,1494,7238,1343
0,6868,-13700,6320,-1686,1722,523
0,7364,-13608,6588,-242,2632,-1485
0,7380,-13036,7064,-975,2705,796
0,8696,-13812,6624,577,9479,-327
0,5212,-13180,8240,-3180,8601,3518
0,4924,-15108,6376,-1199,5993,4265
0,2452,-13972,6888,-1401,-1020,4064
0,2088,-16016,7080,-432,-6064,1577
0,2812,-13928,7984,-951,-155,753
0,3596,-15184,8180,-234,1642,-2309
0,2252,-14184,7504,-2018,3477,1494
0,2036,-14948,6828,803,4211,397
0,1332,-14696,7508,-407,3714,1279
0,1840,-14400,8324,-82,4963,833
0,796,-14672,7308,-3165,284,-1865
0,2428,-13984,5180,266,2357,-594
0,296,-14324,6460,-982,1143,1736
0,1572,-14656,6812,51,4177,1862
0,1172,-14196,5252,-3867,-2633,5816
0,-1264,-15284,5832,-2813,1998,4830
0,-2468,-15436,3708,-2139,-1867,1759
0,-1476,-15088,5112,3437,2684,676
0,-2732,-14356,6620,-203,-681,216
0,-1512,-14764,4560,1249,-4038,-2608
0,-1092,-15016,7812,4188,-1104,-6757
0,2292,-14352,8004,4121,-1809,-8771
0,2396,-13808,7816,3112,-3094,-8293
0,5976,-12892,8052,3334,-3603,-5708
0,6828,-11616,9300,1847,-63,-2698
0,6304,-11348,10308,938,-1249,-2601
0,7200,-11936,8848,1615,-1183,-3276
0,7708,-10588,10464,2060,-1248,-3161
0,8400,-10764,9300,967,-586,-1250
0,8676,-9572,10192,6,-663,238
0,7272,-10796,10080,-1412,933,1131
0,6024,-11504,10416,-1685,-1850,574
0,8976,-11064,8396,2724,853,-3762
0,8116,-10232,10700,5353,-4994,-4182
0,9248,-8688,6668,3836,-8451,-3641
0,12148,-6072,9072,11437,-4088,-11966
0,14460,-36,11956,9150,-4383,-13409
0,15724,1132,12172,475,725,-1544
0,13640,-828,8432,-2266,938,1797
0,12820,-2108,9420,2324,-1339,142
0,13432,-684,9344,2052,869,-952
0,13980,1076,11532,719,102,-1284
0,13656,-576,9296,-910,1805,-32
0,14128,-72,9000,-24,-357,893
0,14332,-188,9608,-489,-1018,2580
0,13452,-1592,8476,-1511,-1846,3989
0,13008,-2364,8168,-1402,4293,493
0,11972,-1140,9528,-2090,-1193,-1852
0,12960,-1592,9472,-1242,499,-6629
0,14248,-928,9652,-1276,1987,-4020
0,14252,-900,8932,-874,-104,-3128
0,15032,720,7748,5536,-11090,-1881
0,14788,1064,9588,-1856,2954,-973
0,16088,52,7336,-3024,544,-893
0,14076,-416,5512,2395,-2606,-4634
0,14140,-3000,12208,5514,-10895,-276
0,16096,984,6192,756,-5847,-307
0,14112,3136,5972,1472,-4779,-3275
0,16632,3108,3264,473,-1989,-1373
0,15704,4672,4568,176,-4702,-911
0,15452,3100,1640,-912,1733,-712
0,16696,4464,2600,-21,-1775,-442
0,14984,3568,2544,-530,728,-1286
0,16928,4384,1756,-528,-4193,1508
0,16296,4212,1968,-108,2041,-1680
0,18152,4476,2288,-111,4808,3444
0,15976,3392,5296,-1024,6163,3898
0,17652,1684,4624,-2477,5236,5790
0,17008,532,6948,-3286,8249,3819
0,15464,-444,7568,-3680,2746,8946
0,14668,-4176,7744,-2845,3520,10324
0,9832,256,5272,-6616,604,13537
0,15172,-3948,3192,-2700,-10296,14395
0,12528,-11024,1540,247,-14830,15671
0,9860,-12672,1340,-669,-5379,4108
0,9032,-12608,480,-300,-7136,5800
0,7980,-15192,680,-1473,16013,4002
0,7524,-13524,2016,-2794,1313,8153
0,6968,-15384,1384,-965,11826,5191
0,4388,-15596,2664,-116,-38,5416
0,4912,-15448,3316,264,6951,3191
0,1780,-16124,3768,-778,9495,3313
0,4568,-14324,3024,-2459,-3348,-764
0,3488,-15524,1996,-1930,6760,2927
0,144,-16176,2412,4091,14630,2887
0,1160,-15812,2320,642,1503,-2316
0,1468,-15372,2676,5116,9523,1060
0,-368,-15280,4800,9856,14591,-4950
0,-468,-14100,8032,9188,11030,-9266
0,3056,-13316,9068,4533,-379,-13031
0,5884,-11704,9360,1379,-1623,-4514
0,5500,-12276,9636,977,-2891,2662
0,3684,-13504,9532,304,-5407,2492
0,4200,-10836,12768,-527,-9565,-1075
0,6760,-14504,4436,-2505,-32768,2973
0,9624,-13780,4224,2567,-12777,2550
0,8020,-13924,3856,-839,-16314,3991
0,8868,-13916,520,920,-5122,1969
0,10868,-14660,-532,228,-3360,1339
0,8608,-13092,3004,292,2153,1888
0,8884,-14772,1544,502,3068,113
0,7188,-14560,2952,-943,-559,1957
0,8912,-14536,956,-295,-144,1080
0,7496,-14520,632,-1662,1146,1805
0,8280,-14656,384,-46,1447,301
0,6544,-14808,684,-1888,-33,1629
0,7560,-15192,384,-1347,2418,861
0,7212,-15100,-412,-2227,-697,2606
0,5776,-14616,-604,-1107,3254,2263
0,6068,-15776,-264,-109,-119,-1258
0,6336,-15256,392,1042,4187,-1368
0,7420,-15912,808,2275,2783,-830
0,6612,-14444,1356,1015,4676,2846
0,5472,-15644,1348,-2600,11667,8426
0,2504,-15460,2032,-2555,14110,8861
0,2176,-15620,1132,-2561,4517,7039
0,-1624,-16688,2172,2091,3660,8075
0,-3448,-15476,1756,4680,7415,5277
0,-4604,-14904,2676,6393,7890,1051
0,-4668,-15424,3740,3556,5749,1738
0,-5924,-14712,3748,-1191,-1165,234
0,-4616,-13376,3380,1758,1810,970
0,-5340,-14828,3536,-1836,1677,2011
0,-6916,-14164,3808,102,2027,538
0,-5240,-15140,3308,470,530,507
0,-6504,-14340,2912,-1476,-686,-989
0,-4936,-15184,3916,531,-625,-1846
0,-5440,-14364,3552,-1103,-911,-1476
0,-4744,-14492,3964,893,867,-466
0,-4676,-15056,3092,759,-505,-1617
0,-4772,-14980,4640,3240,2208,168
0,-5560,-14784,5368,311,-1486,-1832
0,-5536,-14232,4852,2088,1384,-312
0,-4036,-14476,5032,719,-2246,-2021
0,-3448,-14500,7112,470,339,-822
0,-3592,-15040,5572,-2474,-2525,-1154
0,-4256,-15140,5744,1087,326,93
0,-4012,-15060,4932,-870,-1765,854
0,-4144,-13896,5868,3234,-2097,-4261
0,-1776,-15664,7188,5147,-4515,-12677
0,1520,-11688,9468,3230,-2574,-8248
0,3192,-12344,9060,921,-1128,-3661
0,2420,-12648,9260,-546,563,-4107
0,6132,-16228,6716,-1264,-2373,-7241
0,5632,-12868,8068,-2351,1624,-2392
0,7000,-14376,6644,364,889,-2996
0,5584,-13280,8512,-1476,-499,2392
0,4120,-13868,7340,-454,271,4151
0,3892,-14280,7756,225,179,-303
0,4440,-13456,8772,60,1939,362
0,3012,-14196,7240,-1556,-1420,114
0,4124,-13932,8264,815,1386,-1072
0,4508,-13316,8456,216,33,593
0,3808,-13872,7536,-640,-900,-711
0,5296,-13848,8480,1742,1708,-1055
0,3976,-13652,8132,-1584,-1320,143
0,4104,-13704,8676,888,1592,-283
0,4952,-13904,7436,-654,-659,-511
0,4236,-13796,9348,530,825,516
0,4936,-13552,7496,-651,461,51
0,3808,-13368,9112,-333,718,954
0,4352,-13896,7428,-426,-300,-413
0,3964,-13808,9176,-288,-301,199
0,3924,-14008,7632,-527,-239,-29
0,3280,-13664,9360,-1356,380,-100
0,4904,-13916,7204,384,1313,230
0,3316,-14496,7800,-1767,-839,-225
0,4092,-13716,7380,1409,321,176
0,3344,-13792,8708,-1532,-1030,-585
0,4680,-14100,7480,1427,1462,-313
0,3948,-13940,7944,-1330,-634,-696
0,3444,-13980,8292,46,210,203
0,3876,-13968,7928,-564,-373,-909
0,4320,-13432,8840,411,1493,-63
0,4660,-14244,6732,-673,-444,-564
0,3604,-13964,8852,125,-18,76
0,4568,-13944,7388,106,-244,-720
0,3964,-13376,9144,-103,256,640
0,4436,-13852,7632,-57,436,-390
0,3944,-13712,8868,-864,376,228
0,4196,-13768,7668,-45,1179,-634
0,3360,-13732,8764,-966,160,-240
0,4380,-14028,7888,613,830,-844
0,4200,-13744,8444,-711,-267,-67
0,4472,-13704,8236,662,814,-412
0,4440,-13892,7768,-1014,-571,-271
0,4508,-13616,8732,636,1044,22
0,4020,-13724,7856,-899,-444,135
0,4228,-13648,8724,866,967,-425
0,4504,-13560,7668,-792,-107,-336
0,4052,-13680,9000,157,633,64
0,4080,-13524,7788,-666,-9,-490
0,5344,-12560,9224,1159,2141,-4951
0,5672,-12452,8436,-3604,1031,-4398
0,5648,-13004,8372,-4050,3363,1755
0,5004,-13560,6752,-6652,668,-1231
0,4828,-15040,6720,-6915,3204,-4218
0,6168,-14628,4648,-3582,1430,-6864
0,7156,-13924,6096,958,-2763,-3332
0,8580,-13620,3512,-2590,1494,-5198
0,8940,-12804,4060,-557,188,-4162
0,9328,-13204,3316,1297,834,-3006
0,9852,-12792,4476,942,70,834
0,10148,-13316,3784,4336,-3904,-412
0,9396,-12740,4096,10369,-7267,159
0,11460,-11296,5284,16667,-12457,-4782
0,14828,-10504,5432,6368,-7206,-3535
0,14312,-6712,7760,6762,1154,-2807
0,12620,-5596,5664,668,246,1193
0,11612,-5476,6892,-859,13946,-224
0,10696,-6044,14004,-3368,7798,1975
0,10828,-7668,10304,-1959,5140,2623
0,11160,-9420,8552,-1044,906,3624
0,9952,-8308,10260,-363,4129,1692
0,10488,-9468,9244,-269,866,448
0,9440,-8824,11148,-665,1375,688
0,9068,-9664,10512,-829,754,327
0,8424,-9976,10364,-1682,1346,2729
0,9352,-9800,9776,-637,156,-749
0,8376,-10440,9528,-1106,861,1292
0,8832,-10148,10612,427,511,-927
0,8304,-10292,9916,-1380,773,1197
0,8128,-10020,10040,290,-63,1357
0,8072,-10920,9692,-1237,778,1932
0,8544,-10340,9404,-2765,3937,-22
0,6496,-12004,9888,-1858,859,-2451
0,8288,-10792,9412,385,-1545,486
0,7704,-11804,9784,492,-2522,2956
0,7236,-11116,9984,-794,1374,3879
0,6240,-12764,10272,-3160,5218,435
0,5680,-12716,9212,-2892,944,-1943
0,6548,-12616,9320,1406,130,-6282
0,7484,-11596,9308,3519,-3256,-4310
0,9184,-9996,10016,6871,-8161,-5163
0,10940,-8888,8984,4826,-11413,1467
0,12676,-7456,7332,7389,-20690,3866
0,13124,-9316,4056,3364,-14605,7861
0,12556,-9624,4216,1346,-5992,6614
0,14236,-11268,1004,-1710,1530,2600
0,12292,-10904,2248,-4376,8013,1538
0,10016,-12932,3180,-1831,25793,-1638
0,8036,-10672,9844,1254,9898,-1758
0,9560,-10292,9144,2584,567,1126
0,7440,-10944,8668,593,-7723,4636
0,8624,-10964,8968,-115,-203,2690
0,8100,-12352,6804,-1095,3703,1413
0,8756,-11396,8224,1251,1072,670
0,9016,-12392,7692,117,-335,224
0,7468,-11872,8352,-196,1370,1354
0,8768,-12848,7944,-67,1198,1003
0,6116,-11880,8808,-1331,4003,2997
0,7472,-12864,8444,-908,3512,3890
0,4536,-13728,8460,-2626,3939,5194
0,4380,-13860,7672,-1241,2218,4399
0,956,-14304,8660,-2648,3064,3642
0,1408,-14992,8112,-761,2190,824
0,2332,-14608,7524,-3822,-2031,-949
0,3160,-13796,7156,-2453,708,2398
0,1108,-14696,5528,-4927,424,4848
0,-560,-15128,5796,-5213,2698,3304
0,-232,-16328,3308,-2661,89,1123
0,-2076,-15440,4420,-157,1752,175
0,500,-17256,3916,2413,-926,-8533
0,2208,-14140,5540,3479,3503,-392
0,3020,-15444,5188,332,-1421,2264
0,-1184,-15420,6916,-2875,2190,5080
0,184,-16388,4524,-1734,2278,2245
0,-2624,-14864,5128,-2329,-1092,841
0,-24,-16116,3148,2367,85,782
0,-2640,-16008,6960,754,2753,2376
0,-1112,-14976,4124,2591,3663,2364
0,-3084,-15168,5356,835,-381,246
0,-2960,-14788,6516,1396,1820,609
0,-2564,-15496,5392,-252,-385,-2495
0,-2528,-14788,6280,864,1632,-1413
0,-244,-15536,5812,-143,-2134,3157
0,-4820,-15296,6316,919,1049,3237
0,-2628,-15156,6888,2223,-6640,-1365
0,-4416,-14000,9820,1119,622,414
0,-856,-14664,7972,567,-10810,-6718
0,-624,-14592,9288,774,-6624,-3575
0,2432,-15192,6888,-357,-5150,-2784
0,1776,-14768,6896,-355,-1829,-6792
0,6248,-11952,9576,3526,9272,-7824
0,4368,-13016,9840,631,-1410,-6585
0,6268,-16500,9340,655,2339,-7176
0,7292,-8572,11412,2583,-2929,-7821
0,8748,-10948,9552,-1236,48,-4241
0,8352,-11656,9240,-1339,-334,-7198
0,9428,-8292,9756,3570,-1890,-13969
0,12320,-5992,10000,-1208,-2407,-12143
0,14520,-3136,8824,726,-2796,-5730
0,14920,-4348,7712,2318,-9858,8143
0,13376,-7144,6668,2755,-14099,13848
0,14304,-9296,2068,828,-13197,10806
0,12120,-10784,2472,-1718,-2560,8630
0,11680,-12352,1628,-2373,7948,4643
0,12276,-11868,712,-3229,16358,7906
0,3424,-13564,5232,854,32767,11387
0,2872,-14484,6140,-2760,-822,3338
0,3252,-13096,7304,1154,19128,9882
0,-1060,-14056,6200,-4245,5889,8454
0,-2856,-14136,4412,-4038,3880,9376
0,-4400,-15596,3176,-6343,-5715,5161
0,-6644,-12984,5036,-822,268,4290
0,-4676,-14908,4052,-2517,-227,795
0,-6112,-14384,2356,-3499,-846,1321
0,-7412,-15232,4956,-1439,-6839,-1188
0,-7556,-14468,5688,137,-790,-654
0,-5296,-15472,4032,-1329,915,1443
0,-6408,-14296,2560,-2362,-130,-448
0,-6252,-13812,3272,2152,2449,-1
0,-5476,-14348,3108,220,-849,-656
0,-6828,-14564,3920,382,2103,1571
0,-7020,-14128,3224,-199,423,-444
0,-8128,-16084,6792,714,-3036,-5479
0,-5304,-15776,5560,-2705,-1538,-43
0,-5288,-14884,4092,-11338,-14097,-817
0,-2336,-18060,208,-16302,-26012,-13781
0,-340,-18328,-440,-382,-969,-4107
0,-2272,-17424,2520,-3515,-14456,-7585
0,5036,-15260,-3616,-4484,-31355,-6358
0,6008,-11940,-4584,-752,-10064,-4899
0,6768,-14676,-5104,-742,1187,-167
0,3616,-17060,-2308,45,3793,1303
0,1020,-16716,2068,922,7294,2942
0,920,-17432,2848,395,6475,3320
0,-144,-16884,2140,-1009,11099,5515
0,-272,-16984,484,1629,4443,1372
0,1284,-16436,-784,454,5971,3387
0,-560,-16236,1436,3168,9896,3368
0,300,-16144,160,-627,-1335,581
0,704,-16404,-504,1376,3967,2625
0,-500,-16104,556,1532,4380,1744
0,224,-15540,2072,-424,2103,2787
0,-1800,-17516,-904,-8329,-4120,341
0,-1836,-17032,-3028,1781,7223,3272
0,-2584,-16516,-1300,1636,5545,3114
0,-3168,-15168,-1724,3487,10891,6994
0,-3804,-15948,-1188,1534,5412,4930
0,-5680,-14668,-648,4153,5998,4141
0,-5276,-15480,464,3422,1417,2574
0,-6416,-12764,2188,5752,1544,1353
0,-7184,-14144,2280,2036,3442,1370
0,-7328,-14540,2140,-389,1627,-857
0,-6296,-15024,2208,-473,747,-337
0,-6456,-14324,1852,-1804,-69,-508
0,-6764,-14648,2632,-360,1028,24
0,-6184,-15152,1692,-1267,-1278,-1645
0,-6264,-15088,1708,322,985,-213
0,-5552,-15856,1888,1747,2319,-3180
0,-5768,-14944,1732,14,1155,-735
0,-4168,-15560,2076,1740,731,-1972
0,-5372,-15104,2020,-543,582,-2471
0,-3564,-16180,1264,2391,1226,-2956
0,-3164,-15116,3448,805,-379,-2042
0,-2620,-15856,3024,1803,589,-804
0,-3240,-15688,2564,1063,1704,-581
0,-4160,-15036,6076,-2329,1083,-532
0,-2156,-16236,1344,-1284,1497,2031
0,-4488,-14576,3224,-335,930,717
0,-3348,-15876,2708,399,-15,-1689
0,-3984,-15724,3356,-816,40,-1009
0,-2144,-16768,1596,1230,-379,-1012
0,-3380,-15636,3672,-1735,-316,1079
0,-1872,-15908,3368,-1382,1417,2125
0,-3940,-16088,1372,-2782,697,2027
0,-4600,-16452,2540,1583,2775,789
0,-4752,-15832,2492,808,1002,1279
0,-4364,-15508,2916,929,1995,1225
0,-4332,-15640,2212,-202,570,11
0,-4960,-15020,3180,856,2173,548
0,-4888,-15176,2892,-172,767,-115
0,-4756,-15104,2912,1483,2546,425
0,-4572,-15184,3204,-737,-404,-36
0,-6060,-14444,2944,-290,826,782
0,-4540,-15332,3020,-565,-1463,-337
0,-5212,-14356,3100,-1362,-449,-222
0,-5424,-14908,3936,-983,-3128,-1239
0,-5116,-15240,2804,-3184,-2970,-1827
0,-4324,-17532,2164,-1290,-4689,-7799
0,-2236,-15376,2500,-2989,-10387,-9763
0,-404,-18020,1064,-939,-10814,-11899
0,5892,-15244,156,232,-8217,-6448
0,6136,-13820,1360,1194,7767,5337
0,1632,-15976,2540,-2791,5435,8180
0,-1024,-16056,2172,1202,2667,715
0,1312,-16116,304,-557,-1794,-2358
0,2224,-16224,436,357,-2278,-3183
0,1868,-16308,2012,-2694,-3004,-3418
0,3872,-15448,324,-4507,-2212,-860
0,5352,-15320,-2716,-2261,6631,1633
0,2324,-16896,-2424,-2257,15239,12724
0,-1044,-17060,-28,1000,7795,10544
0,-3200,-15652,-592,8283,2630,8928
0,-4644,-15492,1936,6861,3940,6595
0,-6060,-16136,3256,1737,1602,3231
0,-6616,-15620,2952,2183,4567,2399
0,-7448,-14920,4260,-1154,-1550,-39
0,-5968,-15404,2852,-818,-1476,470
0,-6276,-14620,3300,179,898,-76
0,-6408,-14808,3140,1561,3582,3180
0,-7340,-13636,3988,788,-1186,-1301
0,-7340,-14268,4456,4034,2555,624
0,-6120,-13828,4328,139,-1682,-2033
0,-6740,-13880,4944,837,481,-289
0,-5760,-13924,4508,-1093,-397,-479
0,-6760,-14436,4876,-292,318,268
0,-6824,-13812,4880,1251,1051,347
0,-7444,-13616,4648,1060,2781,1073
0,-6132,-13704,4552,-1386,2544,500
0,-6756,-14480,3008,-1525,1389,734
0,-6688,-14628,4780,-3637,-3244,-2595
0,-7132,-14012,4504,67,2336,-195
0,-6240,-15460,2660,-2071,28,-1149
0,-6764,-14024,3808,-555,-168,-1071
0,-5556,-15308,3936,743,-1844,-1480
0,-5648,-14488,4256,872,-272,-1278
0,-4948,-14828,5056,966,-987,-1346
0,-4688,-14796,3820,60,-1040,-2213
0,-3060,-14996,2772,6280,997,-2118
0,-3820,-13152,6440,4745,2600,-7945
0,-2040,-15068,6612,3113,506,-2495
0,-496,-11892,7816,2044,-395,-3168
0,-1796,-13612,9480,-112,1737,169
0,-2236,-14204,6304,837,-3390,-3152
0,-1108,-14732,10080,1831,-335,-5939
0,3068,-12580,6652,-169,-10286,-5438
0,1560,-13912,8612,-888,7509,835
0,2364,-14104,8548,1176,295,-629
0,640,-13536,9524,-2472,1140,1492
0,1488,-14364,7928,-694,1906,376
0,700,-13960,8156,-2518,1393,1030
0,1088,-14132,8108,525,1716,146
0,1060,-14312,7596,-1368,-123,440
0,444,-13752,8780,369,1245,608
0,728,-14496,7052,-1511,-277,-731
0,-332,-14460,8800,-790,1183,505
0,680,-15024,6720,-1189,388,-269
0,836,-14576,8104,-15,915,294
0,156,-14592,7224,-904,-439,241
0,-172,-14332,8156,-635,691,47
0,884,-14464,7152,306,198,-195
0,-40,-14504,7924,-1426,-158,105
0,572,-14920,7220,659,1297,-517
0,-4,-14672,7636,-1416,270,624
0,728,-14812,7288,767,878,331
0,-880,-14604,8128,-2025,-3272,-389
0,-428,-15244,9356,171,1354,-2517
0,1904,-13784,6168,-1965,-14014,-6783
0,3624,-14864,7096,499,-3274,-5480
0,5140,-13632,5744,496,-8182,-5976
0,7008,-13888,5704,1667,-4296,-6581
0,8904,-12268,5136,764,-6532,-5179
0,9612,-12196,5860,2167,-1186,-5041
0,11324,-11164,4564,823,-2921,-2081
0,11960,-11088,4336,1618,-5645,-4266
0,11700,-10676,3596,840,-2747,-3451
0,12076,-9404,3228,-2225,17159,-8268
0,9728,-10820,5716,-3615,19644,-10261
0,9224,-6708,13728,11185,-4697,-7276
0,12248,-2324,10236,7944,144,-380
0,10484,-3452,12096,7759,816,2435
0,14800,-2728,9324,9443,-7122,1052
0,12688,-176,13596,2236,399,6732
0,13436,-792,13668,783,942,6931
0,12680,-3704,12916,-4489,2608,7414
0,10564,-3908,16136,-540,2183,-2163
0,11368,-1668,15460,-2514,-2225,-18407
0,14768,6360,10908,-4958,-3724,-14001
0,12812,3320,7676,-6850,-13065,-12249
0,15296,2396,6316,-5153,-1740,-6882
0,15664,1400,8052,-3540,-5604,-3852
0,13820,4340,7836,-12116,-3195,-2652
0,14984,4,6588,-10593,-3665,-3778
0,11484,1708,6828,135,-7168,-10807
0,22112,8020,2876,2053,-16248,-1711
0,15580,5020,2096,510,-916,333
0,14448,5652,4820,-663,3334,935
0,15068,5160,5096,-180,888,954
0,15112,5108,5600,-1879,-423,2129
0,17908,5500,2908,-8029,2052,8258
0,15968,1780,5260,-10355,7230,12462
0,19676,-156,5088,-3519,1060,9606
0,10536,-6812,7740,-9071,6082,20011
0,9112,-12736,5708,-7003,11240,10622
0,4540,-11716,7780,-6794,8569,11033
0,7220,-10720,2536,3893,-3517,-1128
0,11804,-10460,7232,3980,5077,-7839
0,11032,-11304,7420,-304,8529,6109
0,10104,-14212,7136,-6956,7794,-642
0,6584,-15556,6224,-1544,-208,-2718
0,8392,-14588,5116,-1642,-2944,-694
0,9108,-12240,6072,-853,-2251,1483
0,9000,-12644,6380,-1898,-3684,3748
0,8968,-13220,5540,-867,-2461,1620
0,8728,-13052,5392,133,306,-230
0,8064,-12900,5620,-1041,-847,562
0,8380,-13060,5076,58,-331,1324
0,8140,-13544,5268,-1834,-224,692
0,9008,-14092,4868,-1204,-966,-107
0,8604,-13576,4496,-89,-496,-1660
0,8712,-13480,4532,-283,-139,-1330
0,10088,-12924,4420,-591,-1407,-4278
0,11328,-12588,4012,419,-2025,-10300
0,11504,-8512,5968,1040,228,-6798
0,13196,-8204,2980,-1137,-6415,4779
0,14164,-9232,616,11410,637,3603
0,8352,-11536,5348,20223,-4604,-7080
0,10016,-7344,6644,26704,-11112,-25052
0,11524,11552,18936,4024,8415,-10126
0,18840,3408,1476,-4162,-11207,3095
0,14696,908,6876,195,2551,780
0,16292,1404,5180,-806,2477,3915
0,17924,-3988,11192,-3409,5767,5604
0,16492,1336,8176,6852,-16694,658
0,15400,1768,5448,7622,-9159,2329
0,12944,-4,4432,7705,-10347,10003
0,13124,-4084,1756,-3305,-2394,9384
0,16256,-4520,-2824,-4528,-1959,5952
0,16256,-5004,-1556,-2829,16576,-3945
0,14548,-3788,4584,-1622,104,364
0,15548,-5212,1820,1850,-12551,1906
0,17204,-4584,-1988,1546,-15655,3505
0,16948,-3512,-2540,-697,-820,-3442
0,15508,-4912,-2264,-1401,-11670,-2669
0,16624,-3708,-5936,-1067,-13722,4067
0,12404,-4352,-7084,2551,-9573,1754
0,10340,-5132,-9040,2080,-16714,5248
0,9404,-8276,-14536,3298,-20568,19
0,7580,-9224,-12296,2661,5526,2746
0,4656,-8744,-11136,2613,-5474,518
0,3928,-9108,-14100,4427,-14891,-3917
0,4440,-9104,-14716,4753,-2721,-4728
0,4708,-9044,-15084,1040,-6361,-1789
0,3036,-8872,-11204,1484,167,-587
0,4188,-8628,-14928,-2769,3013,2024
0,6772,-7472,-16968,-3739,5660,291
0,5504,-7496,-13872,-2868,3565,2593
0,4284,-7940,-11916,665,10884,2106
0,6368,-8528,-11880,-1018,16749,2347
0,9216,-8504,-13060,-24,5311,2036
0,7964,-8040,-9464,-816,1863,1777
0,9592,-8208,-11808,-3403,3583,2049
0,9888,-8104,-12464,-2905,-3800,1051
0,8396,-7840,-13624,219,3084,-209
0,9144,-8388,-11908,-1001,3032,128
0,9008,-7552,-11804,-576,3228,1097
0,9252,-7660,-11716,-4535,445,3046
0,8044,-7736,-12700,-1513,666,2023
0,7868,-7600,-12260,-519,-250,862
0,7732,-7512,-12780,2735,-3477,-1115
0,8712,-7264,-13372,1734,-1996,-4543
0,9152,-7180,-11348,-1957,3610,954
0,9192,-7016,-13884,-860,1658,2750
0,9540,-7468,-12112,-292,465,-275
0,7416,-7212,-12432,1065,-4708,-3294
0,8292,-8008,-12364,-445,-1933,-1547
0,8688,-6916,-12924,-702,995,-373
0,9020,-7304,-13000,318,1551,45
0,8636,-7464,-13376,-422,-406,361
0,7964,-7384,-12264,548,387,-321
0,7152,-8008,-11676,1524,705,-1470
0,8752,-7568,-13008,522,-1401,-937
0,8276,-7228,-12536,-583,1951,-173
0,8924,-7472,-13588,1905,2783,-260
0,8516,-6572,-11692,-1570,-339,-234
0,8648,-6216,-10880,-7581,2221,2066
0,9112,-7452,-15756,2982,3812,2523
0,8952,-6932,-16124,3508,-1173,-1314
0,7280,-4428,-11628,-1804,4028,71
0,7760,-7096,-12456,5068,2382,-191
0,8536,-6596,-12952,2531,4466,-2115
0,6588,-6860,-11572,-4978,7248,3507
0,8052,-5088,-9992,3992,3252,2929
0,9900,-6916,-11328,702,-4767,-2077
0,8504,-7680,-12184,-210,-1967,-1087
0,8408,-7436,-12356,452,-1009,-1067
0,8568,-7264,-12964,770,-3942,-1027
0,8052,-7632,-12400,1143,-729,-152
0,7524,-7592,-12532,-286,-451,-49
0,7844,-7376,-13436,-450,97,-718
0,8288,-7244,-13584,-555,-747,12
0,8112,-7648,-13020,34,878,-1362
0,8448,-6924,-11924,587,3058,-619
0,8036,-8364,-12232,792,2904,-1613
0,8768,-7592,-12256,-766,-899,2
0,9392,-7536,-13516,-1410,-1068,430
0,8548,-7036,-13540,-1363,-2077,151
0,8288,-7228,-13104,-1315,-792,213
0,8040,-7148,-12740,-1748,86,222
0,8008,-7116,-12924,-1344,39,73
0,7856,-6636,-13420,-455,157,173
0,8088,-6532,-13416,-635,111,-237
0,7340,-6712,-13168,-714,1104,-82
0,8320,-6356,-13968,-557,262,-47
0,8160,-6188,-13724,-517,-279,-200
0,7816,-6344,-13368,-362,-137,-178
0,8012,-6204,-13428,406,-397,-430
0,8064,-6468,-13544,-36,229,-626
0,7632,-6852,-12192,-273,-1086,-474
0,7648,-6532,-13632,-313,858,155
0,8324,-6060,-13768,-434,400,66
0,8212,-6408,-13720,-233,-23,-77
0,7884,-6284,-13656,-208,65,16
0,7996,-6380,-13304,-908,790,265
0,8176,-6492,-13904,27,993,32
0,7236,-7056,-12768,145,560,-157
0,8028,-6744,-12712,-1384,-1062,-517
0,7472,-6452,-13532,-504,-409,554
0,6684,-5932,-13184,1217,-1303,-1512
0,7556,-5892,-14788,471,274,-296
0,7460,-6468,-13760,1048,115,-957
0,8096,-6320,-13992,475,5035,-1706
0,8148,-6556,-13004,1499,3794,-1154
0,9128,-6396,-12828,915,424,-771
0,9096,-6420,-12672,-408,240,-165
0,9276,-6396,-13340,98,376,-476
0,9248,-7436,-12572,-1358,-322,-36
0,8328,-7236,-11180,996,1191,-936
0,8156,-6172,-12188,2102,-1753,-638
0,9216,-6652,-14048,1325,606,-148
0,8936,-6764,-13324,375,572,117
0,8748,-7048,-12520,-277,-1065,321
0,8604,-7476,-12128,-1330,1101,194
0,8364,-7260,-11756,-1794,3106,44
0,8484,-6668,-11860,1465,959,-696
0,10244,-6644,-14004,611,-4993,309
0,8716,-7408,-13436,71,-1358,-495
0,8336,-7408,-12720,607,-1764,147
0,7884,-7448,-12604,797,-1069,-103
0,7480,-7820,-12480,796,-1249,-656
0,7596,-8040,-12868,451,516,-416
0,7656,-7748,-12356,215,748,-597
0,7976,-7776,-13004,-194,571,-185
0,7808,-8368,-12456,-25,971,-276
0,7132,-7668,-11088,222,1103,-294
0,8116,-8004,-12892,-380,2933,-307
0,8748,-7560,-12952,-255,119,103
0,7336,-8264,-11320,834,1888,-339
0,8144,-7552,-11168,-931,2484,-28
0,9652,-7496,-14372,384,-2217,-849
0,9584,-6992,-12864,-1184,779,-197
0,7484,-7388,-10464,996,-4032,-68
0,8276,-7424,-12332,466,-702,-15
0,7924,-7756,-12900,-595,1018,-596
0,7988,-7420,-12288,-350,-619,318
0,7740,-7848,-13260,-570,1962,739
0,7892,-7444,-12600,-622,1726,202
0,7688,-6820,-11480,145,-2428,-67
0,7892,-7564,-12756,-198,-409,0
0,7696,-7128,-13404,-133,186,-230
0,7956,-7540,-13492,-366,533,-315
0,8420,-7020,-13564,51,845,-353
0,8792,-7444,-12744,119,1203,-566
0,7860,-7808,-13472,1605,2085,-3856
0,9600,-6380,-12880,105,-907,-2626
0,9324,-7296,-11548,-525,1597,-985
0,10376,-7816,-13388,149,-1638,-548
0,9092,-6396,-12372,104,2049,-128
0,9528,-6572,-12084,-82,-2527,349
0,9400,-8004,-12004,40,160,555
0,9280,-7020,-12424,-334,-452,576
0,9240,-6884,-12240,46,437,103
0,9068,-7572,-12060,-491,-68,-168
0,9496,-7392,-11956,-215,1237,-393
0,9452,-7692,-12320,-375,-547,-100
0,9168,-6960,-12088,-175,671,-263
0,9696,-7176,-12664,-341,489,-388
0,9312,-6792,-12004,-212,1346,-243
0,9656,-7216,-11996,-448,319,-106
0,8536,-7348,-11080,417,-1003,477
0,9080,-7096,-11888,-207,640,110
0,9316,-7244,-12100,-420,594,57
0,9044,-7424,-12024,-284,466,137
0,9092,-7104,-12084,-205,198,-19
0,9164,-7144,-11800,-500,257,43
0,9204,-7436,-11560,-125,415,132
0,8996,-7104,-12276,-280,506,153
0,9200,-7284,-12616,-436,97,-16
0,9932,-6820,-12724,-1161,1029,-209
0,9040,-6588,-11248,-1669,-1939,1301
0,9336,-7084,-13100,74,1954,336
0,9068,-6972,-11868,-23,96,6
0,8300,-7412,-11596,430,-608,-1718
0,8688,-6688,-12944,-614,175,-2371
0,8728,-6784,-12896,-1184,-154,-6918
0,7920,-5904,-13728,2377,-5918,-12280
0,15000,-3292,-14176,-709,-2192,3043
0,10332,-2708,-11864,2344,5299,-2812
0,21792,1424,-20148,-11737,22083,8059
0,10812,-4188,-9136,-15205,30769,20446
0,10612,-8636,-5440,469,21535,5406
0,11040,-6436,3776,4859,18523,-656
0,10976,-6372,7568,2913,6402,-1915
0,11768,-5012,9236,3776,6102,-4092
0,15416,-2560,9592,191,13969,-7268
0,13240,-6576,8824,-1254,-4222,1199
0,13788,-6156,8560,735,805,1280
0,12984,-6172,7820,-1114,-273,600
0,13620,-5472,8504,-202,-472,717
0,13488,-6876,7480,-870,-2022,691
0,14736,-6036,5508,-1535,756,1177
0,13648,-6960,8032,-977,-53,1186
0,13620,-7108,6908,-716,323,825
0,13444,-6952,7184,-577,759,244
0,13476,-7012,7480,-254,526,-17
0,13344,-6884,7012,-387,-173,183
0,13476,-7188,7356,-144,150,-187
0,13580,-6728,7092,32,-212,-292
0,13500,-7272,6788,-318,1,84
0,13712,-7680,6632,296,77,-279
0,13800,-5688,9432,-727,2577,-1857
0,13004,-5812,7840,-1033,3002,-4150
0,12820,-3220,9572,44,528,8522
0,11552,-10524,6728,6230,567,8877
0,12420,-8236,8948,-3016,4167,-9146
0,10824,-9336,7120,-9689,7935,-2459
0,11780,-9416,7320,-1475,225,1337
0,10416,-8020,9336,-1138,236,1076
0,11788,-7816,7836,-167,-601,-1151
0,12024,-7796,7636,642,799,1137
0,11856,-7200,7948,-37,800,978
0,11720,-8308,8336,20,-112,-435
0,11652,-8324,8700,-808,308,684
0,11824,-8176,7864,-422,193,-304
0,12000,-8896,7776,-360,-333,-664
0,11364,-6324,9080,1707,2317,-254
0,11860,-8176,7756,324,2198,2094
0,11476,-8596,7804,-80,1212,189
0,11756,-10592,7688,-871,-1642,-1005
0,11648,-9940,8352,1902,1122,-2776
0,11540,-8724,8120,-459,-1437,-893
0,13072,-4908,11704,-518,-425,414
0,12304,-8220,7696,-1751,-2807,3242
0,12160,-8436,7720,-118,-432,1760
0,12112,-8772,7580,-133,-131,714
0,12156,-8928,7276,-235,128,517
0,11864,-9112,7292,-208,-575,694
0,12004,-9048,7256,-75,451,651
0,12252,-9052,7768,-57,-210,844
0,12016,-9136,6924,-259,240,-83
0,11884,-9384,7172,-271,415,-409
0,11608,-9236,7224,-634,203,-1216
0,11844,-8460,7240,-256,178,-135
0,11836,-9164,7168,-115,-462,-1131
0,12088,-8408,7716,277,-672,-2151
0,12288,-7776,7528,8,66,-835
0,12232,-8620,7540,-112,76,-322
0,12428,-8944,7032,-50,126,-743
0,12280,-8664,7476,-276,-15,545
0,12576,-7948,7164,-205,669,225
0,12528,-8276,7656,-645,157,725
0,12436,-8516,7012,-735,545,905
0,11928,-10104,7436,-631,341,327
0,11548,-9612,7644,-2700,2094,2345
0,13572,-11296,8600,1225,-1877,-1292
0,14184,-9524,7524,961,-1672,2347
0,9304,-9544,9392,-130,6861,270
0,6944,-11520,8740,-91,-425,-4036
0,14248,-7812,8532,-247,-2,-6993
0,8780,-7632,8136,-2018,-203,855
0,11348,-6840,8128,989,2016,-5316
0,13040,-2668,9528,3176,-1549,-1150
0,15292,-3728,9684,3799,-2500,7074
0,12232,-7968,8464,-354,-1872,1949
0,11788,-8432,7156,45,-1014,-568
0,12844,-7816,7408,1322,2052,3314
0,12920,-8536,7644,290,244,1547
0,12596,-8448,7776,90,-1883,-181
0,11740,-8756,8364,-4910,2315,-1901
0,14880,-2960,11976,1326,-588,-2434
0,12816,-9968,5584,-2614,-1177,558
0,12356,-7548,6740,-1044,868,1560
0,12940,-8840,7444,252,387,78
0,12624,-8080,6876,-869,-620,45
0,11616,-5288,8056,1809,3663,-2795
0,12768,-7320,6988,-2040,318,-3691
0,12900,-8852,8364,607,2360,-629
0,12908,-9896,9420,-1411,681,2183
0,15064,-3548,5880,2963,595,1318
0,13316,-7972,6876,-2270,-536,2364
0,12468,-8928,5612,1182,1337,-3554
0,11948,-9092,7424,-944,-1345,2301
0,12320,-9132,7220,-248,907,776
0,12200,-9008,8104,-746,-1,-90
0,12524,-8428,8140,-206,287,-266
0,12260,-8520,7244,-531,10,-1077
0,12036,-8812,7796,-25,399,-149
0,12076,-8380,7404,-110,246,710
0,12364,-10196,6256,3064,2307,-6132
0,12356,688,13552,708,2859,-2189
0,12740,-7516,5996,-2232,-742,2969
0,11696,-8308,9680,156,-49,-438
0,12328,-7904,8208,-3102,649,-598
0,14492,-7528,6148,1078,-407,1996
0,11960,-8752,8244,407,415,445
0,12272,-8340,7592,-344,-376,-444
0,12848,-10032,7608,-113,-1233,-223
0,13836,-6076,9688,-695,-1373,-950
0,12972,-10508,6148,-634,-1051,872
0,12628,-8992,7556,-321,-100,-812
0,12896,-10060,6632,1399,609,-2006
0,12892,-7344,7820,760,752,-2420
0,12096,-7292,7904,-352,-524,70
0,13192,-7776,7460,239,-927,-342
0,13156,-6388,6888,-1070,1801,3706
0,12776,-9944,7444,-2321,44,-622
0,13524,-4308,8688,1497,-714,464
0,12544,-7064,7344,425,-623,-634
0,13200,-8008,9164,301,118,-532
0,13332,-8180,8700,-1300,-4869,-1495
0,14504,-8464,6836,-5251,-6575,-2101
0,12316,-5032,1588,-2719,655,-2597
0,14472,-6488,6404,-1948,4203,-6795
0,15776,-4784,9076,-3385,-288,-6714
0,17084,-3148,-192,-405,-5066,-8622
0,15440,-2480,3500,3495,2583,-2445
0,15672,-660,6024,2286,2609,-624
0,14996,-1560,6376,786,925,281
0,14540,-1488,6468,-750,569,380
0,15492,-2628,6960,2225,3276,-967
0,15324,-1280,5556,147,661,84
0,15788,-1464,6204,611,425,1949
0,15436,-2796,7244,-792,-140,2432
0,15632,-1524,6220,-1667,-688,-1220
0,15264,-1516,7364,-1753,630,189
0,15236,-1996,7120,-105,548,-47
0,15208,-2112,6824,-386,320,-73
0,15248,-1900,6688,905,-910,78
0,17512,2384,8556,-316,1050,-1615
0,20136,1848,6652,-2977,-4369,10513
0,16272,-4844,4044,3616,-4964,13486
0,16064,-6236,5076,11493,6565,12037
0,10696,-5996,10472,7532,4781,1767
0,14900,-7400,7200,4629,1328,1009
0,13276,-5420,8588,5485,774,-8143
0,7696,-3368,15084,4519,-12354,-3797
0,13320,-2592,6216,2788,-950,-11091
0,17324,1480,7028,153,2603,-5840
0,14332,1212,7512,739,-2107,1327
0,10992,-1192,12112,-7073,-3540,13022
0,15888,-4868,2624,-15273,-7374,16374
0,10552,-5992,6520,900,5799,8380
0,9804,-7704,-1604,-10998,-22015,3149
0,14948,-5332,-3760,4797,-32768,-22241
0,14764,-7740,-11788,12827,-32768,2516
0,4152,-6236,-7828,5395,-8108,-1540
0,10572,-7000,-16364,568,-6646,618
0,6356,-6428,-15676,-2909,-3206,-3513
0,4684,-6108,-13552,-3115,-1049,1899
0,3324,-4496,-17916,-2127,-660,984
0,6936,-2700,-16348,-2970,17083,-828
0,9912,-6520,-9032,-4929,-5353,-1678
0,10808,-7060,-12396,-4523,-10047,-2997
0,7456,-4212,-14504,-1937,-7587,1362
0,7060,-3316,-15668,-250,-1818,797
0,9356,-3512,-15764,1231,637,-374
0,4496,-4400,-14264,2532,-9836,648
0,7448,-3812,-12820,-5020,2001,7467
0,4268,-6740,-18976,-276,-3679,4081
0,6676,-4036,-18704,1964,10250,5755
0,6852,-3424,-15484,1655,3646,1131
0,6368,-4852,-13984,-393,220,-732
0,6080,-5216,-14124,-323,1907,-1327
0,7804,-5268,-14368,-875,66,808
0,7932,-4488,-15156,157,-354,-2300
0,8636,-2648,-15144,-953,1602,-1401
0,7980,-4692,-14672,-277,-1102,1561
0,7928,-4380,-14508,-1795,2660,3598
0,8232,-4504,-14128,-12,1782,1665
0,8488,-4972,-13420,-1136,2042,2275
0,10012,-3120,-18948,-1451,9451,714
0,8752,-4328,-13804,-747,-919,-3216
0,8268,-5024,-13648,1367,-397,-3200
0,8692,-3748,-12660,-1081,1945,-2408
0,9716,-4176,-15508,-1531,-2053,1468
0,9392,-4952,-13096,-89,-125,1210
0,8164,-4992,-13404,-2809,-2845,-1928
0,6592,-4620,-14760,1180,971,-3510
0,9292,-4148,-12972,2260,6265,-7803
0,11148,-2020,-13344,2994,2046,-13111
0,13160,-3212,-11352,530,-429,-2123
0,13832,-1344,-14024,-7930,27827,989
0,11300,-1440,-6616,2698,32767,-3103
0,11524,-2332,10560,-3087,16496,1
0,14152,-688,8052,-6576,-2396,-6109
0,13680,-1540,6508,-6143,1113,-11147
0,14236,-932,3224,3686,2377,-18594
0,17808,6364,4176,12144,-24958,-5504
0,13920,6052,2364,-781,-4311,1550
0,15088,5808,5140,-944,3073,1475
0,16764,4356,4248,-2964,-5159,17109
0,13992,-2536,1496,-1487,-7615,13090
0,15028,-3292,3372,5219,-7849,4057
0,16192,-2212,-5572,6537,-4192,1100
0,18908,-2112,-4068,731,-11734,8483
0,15612,-2292,-8908,211,-14023,6070
0,10352,-4232,-8524,-3833,-7137,4683
0,13032,-5104,-10324,-3416,-5834,6636
0,11516,-5164,-10512,-1823,2373,5540
0,10608,-6328,-10324,-1859,5110,4682
0,10860,-6468,-10568,-1823,-2150,1108
0,11192,-7208,-10848,-429,-2440,-896
0,12820,-5832,-11764,1069,-6004,-2309
0,11424,-6464,-11052,3727,-624,-2292
0,10552,-6084,-11492,1762,1251,-1415
0,12572,-6996,-12840,564,1009,361
0,10420,-6024,-9888,2448,297,-449
0,9640,-6404,-10768,-413,3636,-327
0,11652,-5708,-12356,-6483,1673,3710
0,10488,-6300,-12280,-5140,5536,6382
0,12136,-7276,-13676,1253,4631,3656
0,11424,-6552,-11372,2712,38,-1047
0,11344,-6784,-12064,1555,-2038,-1141
0,10756,-7448,-10636,1397,398,-254
0,14544,-9200,-12464,326,-426,-1880
0,8392,-8980,-4596,3014,-4746,698
0,10360,-8380,-8940,918,461,323
0,11044,-8312,-9708,425,-18,-704
0,11448,-8104,-10152,888,-952,-636
0,10748,-8740,-7568,1386,2274,1301
0,11176,-8412,-9736,-164,3505,-523
0,12152,-9220,-8584,918,-520,-944
0,11560,-8464,-8688,1024,845,-439
0,11564,-8308,-8800,220,643,-34
0,11932,-8996,-8012,633,2902,180
0,11856,-9052,-7456,-701,-1472,-56
0,11084,-8760,-8816,-90,-226,-353
0,12076,-8928,-8064,-35,-225,-234
0,12380,-8580,-8444,-548,-22,307
0,11672,-8324,-8868,-39,-165,-281
0,11628,-8636,-8844,344,-1772,-429
0,11780,-8564,-8588,-112,-1776,-420
0,11552,-8940,-8764,-323,104,-406
0,12208,-8864,-8224,-57,2223,7
0,11816,-8596,-8756,-318,-1684,-494
0,11296,-9004,-8440,198,-492,39
0,11760,-8696,-8464,93,-7,223
0,11604,-8736,-8740,-102,-206,-38
0,11568,-8880,-8872,80,-91,-365
0,11280,-8676,-8712,-348,-90,156
0,11136,-8508,-9192,-316,366,3
0,11432,-8840,-8616,21,377,-92
0,11532,-8668,-9060,-324,245,167
0,11540,-8788,-8816,36,500,34
0,11436,-8968,-8616,-38,1033,23
0,11064,-8548,-8356,-180,233,-89
0,11476,-8696,-8724,-745,-1220,-162
0,11120,-8960,-8916,-1140,-1073,-128
0,10912,-8916,-9476,-1171,-927,-67
0,10564,-8564,-9668,-1481,-1131,171
0,10620,-8496,-10472,-751,-782,156
0,10520,-8408,-9868,-1486,-2,-93
0,10728,-7864,-10868,-3839,660,16
0,9864,-8068,-10784,-2906,-1016,340
0,9464,-7800,-9584,477,-4561,-1831
0,10096,-7888,-12376,239,-1296,-647
0,7960,-6720,-10720,272,3817,-127
0,10608,-7636,-11196,1953,1128,344
0,10612,-5956,-13440,175,-465,-744
0,9564,-7656,-11140,-1649,1809,-297
0,9660,-7460,-11568,-4382,1861,1232
0,9260,-7376,-10464,1193,2335,442
0,9800,-7744,-11400,-274,-489,-21
0,9252,-7952,-11592,355,-1511,40
0,9664,-7972,-11676,-99,369,92
0,9568,-7864,-11852,936,1549,995
0,8792,-7864,-11204,-36,-96,964
0,8636,-8080,-11180,-459,882,252
0,9408,-8404,-11140,-687,741,275
0,9388,-8036,-11520,-783,830,819
0,9552,-7992,-11744,-710,767,640
0,9372,-8268,-6592,-1086,-615,435
0,9516,-7788,-12208,-1438,-1598,-400
0,9608,-8272,-11712,-843,141,-309
0,8960,-8360,-11268,-90,1094,466
0,9012,-7944,-11404,-269,1375,123
0,9228,-7560,-11540,-1024,237,-366
0,10004,-7672,-12524,-859,-89,-695
0,9560,-7888,-11508,519,3,79
0,9180,-7320,-11596,-72,897,257
0,9812,-8140,-11952,8,164,240
0,9344,-7384,-11696,184,471,-95
0,9560,-8024,-11672,-227,63,-387
0,9636,-7892,-11108,287,2005,234
0,9540,-7844,-11340,-1074,-564,234
0,9324,-8168,-11848,-533,228,250
0,9184,-7276,-11832,-806,-60,-3
0,9772,-7916,-12484,-205,-111,-687
0,9456,-7972,-11592,617,851,359
0,8980,-7444,-11116,-492,286,-598
0,9868,-8108,-11776,-432,-179,-482
0,9224,-7368,-11696,105,173,130
0,9296,-7792,-11744,-360,-403,-300
0,9564,-7588,-11648,277,766,226
0,9072,-7560,-11244,-125,913,-306
0,9668,-8096,-11824,-717,-850,-242
0,9132,-7524,-11404,157,1182,824
0,8916,-7608,-11508,-565,757,-582
0,10264,-8104,-11996,-421,-43,-343
0,9572,-7316,-11264,-410,740,235
0,9776,-7412,-12024,-1578,-942,-461
0,9540,-7388,-12272,-407,625,1027
0,8920,-7612,-12124,-217,785,421
0,9200,-7896,-12168,209,-207,238
0,8680,-7764,-11284,583,738,239
0,9796,-7292,-11808,25,-1244,-544
0,9220,-8088,-11608,473,1399,461
0,9276,-7720,-11192,-1118,-695,529
0,9640,-7376,-12852,-1248,-1744,-568
0,9016,-7980,-12052,129,-357,234
0,9300,-8260,-10924,1042,522,-137
0,8976,-8056,-11224,84,-1110,-373
0,8620,-9356,-11824,813,-2225,-1769
0,10180,-8012,-12588,3784,2113,-1251
0,9220,-7464,-10420,-3029,-1731,614
0,8828,-7892,-11448,168,1483,-74
0,9988,-8276,-13376,863,-4788,751
0,7068,-6568,-8996,858,6958,12
0,9632,-8076,-11128,70,796,-130
0,9836,-8460,-10764,-417,-653,-79
0,8532,-8068,-10544,-275,-635,403
0,8968,-8824,-11656,-376,773,-299
0,9524,-8440,-11308,-455,336,-519
0,9316,-8568,-11428,-65,-382,-170
0,8984,-8384,-11660,-77,43,218
0,9664,-8260,-11552,-1096,2888,-427
0,9736,-8472,-11424,-1880,787,69
0,10428,-8536,-11936,-589,380,-427
0,8860,-8244,-10068,738,-101,-148
0,9472,-8952,-10884,-885,584,111
0,8920,-8388,-10620,24,-896,-541
0,9292,-8500,-11024,-290,-1258,-390
0,10076,-8544,-12364,-1405,1737,512
0,10380,-7060,-12300,-206,-3901,-739
0,10040,-8796,-11780,836,986,-196
0,8252,-8160,-10164,1693,2064,-128
0,9620,-8668,-10820,203,2119,-175
0,9380,-8820,-10184,52,-607,-473
0,9656,-9312,-10480,900,-1340,-1883
0,10116,-10232,-10268,3928,-8225,-9197
0,9016,-5948,-13312,11164,-16965,-14281
0,7812,-6956,-9172,2114,-9284,-6316
0,9224,-6344,-10928,-7936,13358,-739
0,10208,-7164,-10308,-4237,9951,-9187
0,19756,-4656,-15648,-227,666,2465
0,18024,-2588,-7716,971,-92,-8122
0,12336,-876,-1288,-11418,32767,-3090
0,12116,-2196,7232,-6518,13287,238
0,13880,-3376,1552,-6627,25022,-13099
0,11448,116,12256,-133,265,-15644
0,15956,3120,8776,1979,-1983,-11931
0,11836,5124,8904,3608,-14256,-964
0,21612,8448,-928,554,-13760,4247
0,14784,6520,4968,-1873,3055,1158
0,16768,4300,4276,-11487,6231,3603
0,14328,3032,8372,-15606,15482,11215
0,11948,-3604,13700,-11006,7991,18105
0,4340,-9844,10276,-17761,6433,20801
0,3640,-11508,9008,-11239,3137,221
0,15012,-6488,3748,5264,1330,-7156
0,12364,-9764,7588,260,3010,-13181
0,12260,-11680,4996,-2819,5639,5639
0,8988,-8428,9080,-2611,-1859,6313
0,10384,-11668,9596,-4185,97,9609
0,8984,-11272,8388,-1637,3184,2437
0,8548,-12736,8600,-2489,1053,1676
0,8044,-11644,7760,-571,156,1068
0,7992,-12364,8604,-44,715,239
0,8216,-12252,8008,-835,-345,-133
0,7796,-12020,8088,-296,124,229
0,8232,-12580,7712,-528,13,244
0,7996,-12224,7808,-285,-436,244
0,8264,-12584,7676,-91,-57,-412
0,7924,-12212,7892,-395,197,107
0,8284,-12456,7548,-206,246,-582
0,7880,-12452,7772,-175,-58,-201
0,8336,-12432,7420,-254,202,-499
0,8072,-12228,7820,-347,105,80
0,8556,-12536,7308,-373,102,-143
0,8620,-12496,7908,270,-147,-1287
0,13744,-15260,8788,4759,-3062,-10394
0,11644,-96,8768,-7274,6523,-12075
0,11620,-11012,2048,-10823,-13768,6130
0,6856,-9660,4320,-18869,-27385,-1256
0,9520,-7752,-6224,-11675,-13834,-3406
0,14352,-3792,-11224,-7265,-7745,604
0,11248,-7284,-10876,-2611,1546,2604
0,11032,-7564,-10668,-1736,1585,1014
0,10564,-8648,-10564,-770,1111,-465
0,10484,-8788,-9812,-83,1696,1259
0,9924,-9032,-9060,-23,1318,-130
0,11452,-8420,-9468,85,-291,-592
0,10148,-9472,-9268,-535,252,-78
0,10756,-8380,-9116,-842,832,230
0,11148,-9096,-9672,-430,355,-744
0,11436,-8736,-9288,-456,150,751
0,10396,-8728,-9088,-359,-144,-535
0,11008,-7888,-9004,-348,620,633
0,11008,-9000,-9596,-532,109,-1007
0,11240,-8228,-9932,-382,824,630
0,10988,-8988,-9276,114,190,-456
0,11188,-8060,-9332,-469,15,980
0,10940,-9032,-9180,304,-696,-661
0,10828,-8812,-8956,-289,281,1018
0,11008,-9800,-9172,-278,250,309
0,10996,-9004,-8768,-935,1105,1334
0,12420,-8808,-9208,-1332,286,1140
0,10072,-9192,-9280,-2192,1324,2626
0,10032,-9668,-8908,-4197,-1020,3039
0,7188,-7880,-12832,-3440,-729,2075
0,9544,-8140,-10704,-1217,-2199,-3406
0,9164,-8844,-12156,-281,2314,279
0,9804,-8040,-11324,1,967,27
0,9152,-8756,-10580,-117,770,-315
0,10024,-7888,-11320,-77,161,-248
0,8880,-8980,-10960,-1,343,-511
0,10228,-8220,-11196,68,427,-91
0,9488,-8864,-11060,-431,655,-468
0,10168,-7556,-11404,-230,-478,-174
0,9404,-8952,-10896,82,-53,-662
0,10480,-7616,-11928,270,-1414,-528
0,11928,-8760,-15264,5228,-3095,682
0,6476,-10800,-5368,6490,899,5655
0,2176,-8584,-1568,-3367,5888,-3832
0,15976,-8220,-18588,-5594,-7337,-13547
0,9988,-8496,-11108,2352,5477,9458
0,5816,-7272,-7920,-4411,816,-2979
0,11380,-8240,-14220,-1051,-161,-122
0,8420,-7984,-11248,-154,16,1106
0,9696,-7876,-11288,146,1698,-903
0,10008,-7620,-11128,-740,1114,796
0,9976,-7620,-11804,-102,-160,-888
0,9328,-8180,-11240,283,1457,445
0,10384,-7364,-11368,-371,-187,-187
0,8872,-8000,-10792,-1032,1106,105
0,11068,-6916,-11036,-2943,1612,1778
0,9612,-6480,-11060,-4221,4156,3229
0,9604,-8056,-14172,-1001,-913,436
0,9464,-5724,-11376,1551,-1203,-3609
0,10120,-7412,-11820,1362,941,3004
0,10044,-8640,-14336,3356,-1630,446
0,8488,-10204,-9096,6792,220,7196
0,240,-6972,-672,-8651,5751,-10873
0,20592,-6392,-22584,5641,2177,7157
0,2836,-11668,-3356,-1409,2800,-1835
0,12556,-7656,-13256,-1068,2594,1495
0,8236,-10392,-9864,-1061,-506,-427
0,8900,-8348,-10520,-857,749,1116
0,9096,-9540,-9852,-1392,923,186
0,9936,-8224,-10684,-2061,1279,651
0,9716,-8840,-11616,-3283,-2053,-1879
0,10508,-7552,-15772,379,-630,-5995
0,21420,-8404,-12160,3121,6426,6202
0,-908,-9152,-5308,3701,-184,-4095
0,8248,-11096,-3376,1238,13881,-7907
0,25120,-9644,-9720,3400,9018,10289
0,1824,-7132,-7420,-92,-5734,-367
0,18612,-6984,-6472,-173,-5154,-14563
0,14500,-7948,-8264,-631,-1424,12566
0,2652,-5704,-7448,508,5272,-6723
0,25728,-8156,-13628,-980,-5010,-6777
0,10272,-7564,-6432,264,2332,13892
0,1432,-3960,-6252,656,2513,-9359
0,24824,-5672,-12204,772,265,-7246
0,15080,-12496,-6244,129,2111,11700
0,1948,-5804,-8876,3524,-5497,-21510
0,26300,4116,-10396,-565,8636,4854
0,8484,-13816,-7040,-3380,-14137,9090
0,-1172,-1948,-744,3354,1990,-23763
0,32767,-5372,1556,-13697,-6794,32767
0,-5504,-3132,-15548,-1407,-15637,-17049
0,15272,6384,-7348,3739,32767,-2902
0,18512,-26488,-14104,-2466,-22255,17122
0,-18016,-1060,6332,-6414,-15895,-32768
0,32767,-428,-13392,2448,-5645,21832
0,-5752,-10444,-180,-4065,-3379,3986
0,26148,2732,-15284,-923,13095,-1379
0,4968,-7460,-13248,5540,-1059,3228
0,7708,-7180,-3804,13016,-5589,-9360
0,14016,-11236,-9956,9372,17879,5963
0,11828,-7824,-912,7895,6017,1077
0,12984,-10964,-2764,5833,10283,2312
0,14248,-8600,-196,4820,11542,2632
0,13880,-10132,1120,2707,5842,1518
0,17048,-10120,-200,1977,8174,1963
0,13944,-10332,3464,1667,8199,2742
0,9372,-9892,6552,1429,-267,352
0,12116,-9772,6652,995,10,-1451
0,12364,-10984,6892,6,2284,-717
0,11768,-9736,7148,1206,1193,-1361
0,12260,-9040,8096,1588,5759,-2565
0,10184,-8168,9460,2085,3657,-1351
0,10572,-8940,9224,1027,4619,-1395
0,10664,-8240,10096,1628,2772,-1052
0,9740,-7636,10972,-210,5044,-651
0,8892,-8248,10556,1005,-1245,1324
0,9060,-7592,10912,785,873,285
0,8928,-7212,10908,828,-1349,-99
0,10676,-7316,11044,3005,-4563,357
0,12372,-7500,11012,-699,-8924,3010
0,10732,-8940,10076,1046,1061,3132
0,11588,-7208,9976,-59,638,3312
0,10336,-9056,8216,-1653,-1959,3694
0,11528,-10380,6908,-354,-4768,2821
0,11476,-9856,7128,707,-3250,3883
0,10488,-11272,7280,333,-38,197
0,11764,-10788,7232,553,-242,196
0,11012,-9644,8452,-103,-290,149
0,10324,-10804,7144,106,-999,1026
0,12036,-10112,7112,5832,206,2929
0,9608,-9580,9092,7546,-479,1880
0,9484,-7760,11096,4201,-1196,-1147
0,11296,-7644,10400,1978,-274,-2562
0,11560,-6896,9748,-128,-2237,111
0,11340,-7348,9756,-1702,344,-669
0,11960,-8504,9364,-1315,2776,-995
0,12072,-7120,8652,-2006,-764,211
0,12092,-6872,8796,-23,1670,-981
0,12020,-7384,9292,1153,1281,-351
0,11544,-7796,9256,-699,-1570,1263
0,11536,-8140,9424,1538,-509,52
0,11600,-6460,10516,106,-718,-2200
0,12940,-5252,9400,-456,-69,1244
0,11772,-7804,8992,-4183,-878,4119
0,12156,-9360,9420,-485,659,-377
0,11708,-8076,8140,-547,-182,-129
0,12436,-8908,8124,1749,856,-1783
0,11328,-9376,9604,-1349,-1265,312
0,12616,-7928,8960,834,-2540,408
0,12644,-8620,9184,-3227,-268,-613
0,11064,-7508,6536,-3791,-1617,-8377
0,12640,-5600,6096,421,280,-9655
0,14992,-3376,5260,1914,-768,-5604
0,15892,-3384,2288,6060,420,4784
0,13116,-5664,8828,6505,-973,6909
0,14220,-5728,9224,3906,603,5003
0,13872,-6296,8700,628,-1237,2987
0,13056,-6328,7296,-2227,-1737,1414
0,13432,-6644,6936,-1147,4754,1201
0,11744,-8224,9312,1014,4520,-144
0,12272,-5788,9192,-4315,1438,-5888
0,12264,-5140,9568,-1153,3122,7312
0,11076,-9908,9160,1173,223,4019
0,11656,-7956,9036,612,2990,-5439
0,9580,-9608,8440,-8447,7349,-3595
0,12000,-8964,8004,1108,-436,2607
0,11764,-10208,9552,-493,-1426,2455
0,10608,-8960,8904,-163,288,85
0,10996,-9212,7452,-245,45,514
0,10380,-9228,9236,-177,-185,-154
0,11348,-9800,7884,-1233,832,587
0,10392,-9748,8732,-1703,468,1462
0,10436,-9472,8156,-73,683,588
0,9708,-9804,7108,-202,469,2011
0,10552,-9528,7928,887,-1528,-4244
0,10828,-364,14080,1066,-102,-4092
0,12044,-9832,7352,857,-622,-3167
0,11824,-8676,8440,-2660,501,2893
0,11244,-9608,8424,-764,337,1447
0,11420,-9476,7968,-631,835,941
0,10432,-9920,8476,-168,10,401
0,10628,-9844,8144,-466,419,-175
0,10532,-10668,8332,417,380,-108
0,10688,-8904,8260,1419,-1297,-4047
0,10688,-9308,8336,-674,499,658
0,11212,-9228,8208,-112,-67,88
0,11292,-9080,7612,184,-1028,-2043
0,11584,-9336,8272,158,109,-151
0,11412,-8580,8036,-880,1032,1089
0,11708,-8240,8132,274,364,-375
0,11784,-9900,7588,-1507,1911,1580
0,10680,-9792,8704,-966,173,1341
0,10716,-9808,8392,-989,922,1385
0,10300,-10516,8468,-183,325,638
0,10160,-10400,8152,-271,617,-19
0,10044,-8636,8104,-496,968,976
0,10516,-9108,7476,-268,353,-1343
0,10432,-9308,8912,-874,-719,-2023
0,10728,-8048,7332,1364,871,-4110
0,11048,-10196,9076,2389,-2884,2044
0,10404,-8028,9024,1830,-781,1450
0,11336,-9020,9472,-2751,174,-1967
0,11720,-9380,7924,64,390,-808
0,11712,-9224,7932,-787,368,-1076
0,10908,-8644,9344,257,326,77
0,11848,-8728,7760,-13,106,-868
0,11240,-9448,8512,37,-569,-292
0,11564,-9136,7972,719,414,-21
0,11168,-8880,8764,-19,-382,306
0,11336,-7512,8492,456,1389,2518
0,11440,-10236,7716,-430,-2384,3005
0,11076,-8536,8732,248,-270,212
0,11752,-9280,6796,-1051,-989,-73
0,11648,-8640,8444,607,551,-186
0,11564,-8560,7680,-223,-349,-1614
0,12400,-7324,7820,2507,-775,-7747
0,11872,-7068,7744,-1647,1538,1200
0,12168,-8660,8360,889,-2033,-711
0,12828,-7696,7172,1193,830,-853
0,12244,-7320,9684,1691,990,-624
0,12228,-5844,8032,-1040,773,-679
0,12376,-6700,8948,-720,-122,-7
0,12456,-6552,8420,-266,308,109
0,12760,-6172,8544,-675,-219,211
0,14084,-7272,11684,-431,-3751,-1924
0,14756,-6392,7880,-3065,-12501,-6445
0,12244,-4824,5036,-4832,11351,-5516
0,12816,-5128,4660,-3658,3626,-3265
0,15260,-5956,7360,-2415,-1652,-6259
0,15404,-4196,3708,-2392,-85,2168
0,11432,-5300,8404,1037,-12791,1280
0,17328,-4292,6688,-1092,4967,696
0,14496,-6744,6640,-157,-1297,81
0,14736,-4944,5912,-645,-169,1592
0,14540,-5660,5828,-1152,904,1732
0,14380,-5572,6896,-681,1140,33
0,14352,-6340,6752,405,-398,-699
0,14228,-6464,6272,-1326,1978,1203
0,13580,-6892,7412,180,262,44
0,13968,-7372,6700,-137,-444,28
0,13984,-6972,6364,36,514,-274
0,14064,-7200,6496,-1142,198,840
0,13788,-5884,6952,-334,-761,-276
0,14228,-7028,5096,-214,-59,-187
0,13840,-5660,7076,3,-46,-189
0,13756,-6756,6564,58,680,160
0,14048,-6864,6448,-656,566,-102
0,13928,-6680,6436,-1256,-628,710
0,13728,-7464,6696,-618,-320,1
0,14012,-6876,6092,-12,-402,131
0,13660,-7844,5860,-433,-548,224
0,14056,-7468,5820,313,785,-654
0,13972,-7356,6396,-552,723,-358
0,13852,-7364,6424,-506,491,-35
0,13940,-7592,5892,-880,600,99
0,13328,-8200,7324,708,369,361
0,13776,-8208,5436,-986,1152,-879
0,13388,-7076,7284,-828,870,-442
0,13584,-7484,6500,-449,398,701
0,13556,-7664,6524,-822,750,52
0,13408,-7396,6792,166,97,-575
0,13604,-7024,6612,-307,728,-392
0,13348,-7456,7284,-744,355,155
0,13512,-7580,6700,-515,445,153
0,13352,-7544,6704,70,-72,-126
0,13352,-7424,7104,108,-476,35
0,13516,-7764,6516,755,-188,-1831
0,15628,-7784,7764,4089,-5451,-9468
0,16164,-5512,4224,4567,-2337,-10006
0,14984,-344,2896,1476,87,-5885
0,15248,296,3428,207,3465,-3960
0,18360,1380,7768,-1033,-1353,1265
0,16212,-248,5292,-1304,1933,1826
0,15004,-1368,7260,-1361,-147,1135
0,15540,-1372,5604,-447,523,-594
0,16280,-992,6708,-512,1083,500
0,15660,-1484,6296,-646,453,448
0,15092,-1572,6892,-62,296,-409
0,15488,-1192,6420,-416,461,-21
0,15308,-1516,6616,-431,80,-40
0,15440,-1460,6492,-3,-27,-54
0,15556,-1240,6376,-259,195,-63
0,15452,-1260,6288,-150,50,-220
0,15200,-1280,6404,-719,389,424
0,15368,-1856,6668,146,-237,-587
0,15764,-1248,5852,-151,357,-198
0,15392,-1720,6520,373,-917,-758
0,15576,-1288,5916,-878,591,-50
0,15568,-1856,6180,-19,-1555,-733
0,15896,-480,4956,-88,-372,-209
0,15468,-1424,6308,-211,-108,871
0,15968,-1344,5052,-161,1362,315
0,16096,-1848,5200,-169,147,-136
0,15868,-1760,5764,-540,974,605
0,15696,-1632,5836,-227,82,-316
0,15796,-1620,5788,-285,737,-160
0,15692,-1804,5888,-162,40,-317
0,15932,-1652,5700,-335,760,-60
0,15788,-1616,5408,-64,-608,-314
0,15736,-1436,5772,-642,885,314
0,15520,-1904,6056,-194,-67,-114
0,15540,-1360,6452,-310,743,-14
0,15636,-1780,5976,244,-341,-83
0,15632,-1556,6152,-122,387,155
0,15728,-1624,5932,-215,128,139
0,15596,-1768,6168,-421,619,407
0,15540,-1792,6072,135,-207,-322
0,15544,-2000,6356,-296,662,129
0,15616,-1736,6024,-49,49,-432
0,15668,-1692,5860,-472,804,94
0,15588,-2080,5740,-243,400,295
0,15428,-1900,6544,-313,169,-380
0,16212,-1096,5872,-299,292,311
0,15752,-1796,6448,256,1006,-1196
0,15540,-2916,7268,-444,-1748,-2041
0,15784,-1020,4244,214,1398,163
0,15440,-2396,7400,-900,1511,5788
0,16000,-2928,5312,883,1302,6190
0,13692,-4896,5508,3909,416,4318
0,13260,-5140,8268,4639,1392,2096
0,13052,-5320,8400,2117,204,2379
0,14204,-5112,8016,-1046,1759,-210
0,14300,-4700,7492,-2494,2206,-563
0,14260,-5876,7304,-2165,6162,421
0,13632,-5948,8424,2083,129,-657
0,13376,-5252,9748,-1049,-328,-796
0,13696,-4056,8648,-1217,1102,429
0,13540,-4752,8700,-928,-112,-678
0,13636,-4164,8656,-529,662,81
0,13852,-4300,9240,58,-77,1870
0,15864,-5408,6356,2024,-9605,7722
0,15128,-7024,6728,6710,-8824,10304
0,10920,-9244,4296,11522,-22102,11482
0,13448,-7196,1260,12825,-8368,2090
0,14500,-6520,4632,1026,5977,2885
0,7560,-7760,9032,1645,23172,-3710
0,10804,-6388,11312,-4511,14960,-10852
0,10524,-4416,12648,-4861,365,-8593
0,14284,-7064,11260,-8928,1370,-9824
0,14160,-8608,9452,-6417,-4074,-1261
0,13484,-8096,7320,3106,-4330,-8103
0,15936,-2192,4084,-2722,-617,-15804
0,14688,-2704,5480,-2213,3248,4657
0,11972,-4284,8760,-1702,-3519,1862
0,15196,-3560,7688,1251,-3603,-4495
0,13788,-4068,7556,-3617,1047,2107
0,15532,-2236,6220,4719,1186,-183
0,14340,-3264,6984,5509,795,-2526
0,14632,-3336,7244,2228,-68,-1654
0,15756,152,7836,41,422,587
0,14116,-128,8964,99,553,-1012
0,15076,-2076,7696,313,130,-37
0,15000,-1272,7840,-1606,42,277
0,14564,-2416,7864,-3451,949,830
0,14484,-2620,7508,976,190,1435
0,14852,-3200,7064,854,478,-1385
0,15304,-840,7912,-290,-227,-2525
0,14488,-1776,8224,2543,1631,-2189
0,14708,-476,8780,-2371,-156,756
0,15424,-1468,7428,505,1162,486
0,15104,-3068,6764,-735,7,765
0,14076,-3080,8408,-1926,-968,-383
0,14580,-2172,7896,448,694,-1058
0,15264,-940,8040,-3029,553,-1243
0,15612,-3004,7364,-4627,-240,3198
0,14432,-3336,8244,584,1056,-215
0,15100,-2384,7820,104,861,-27
0,14508,-3772,7224,1868,-382,381
0,14024,-3568,7908,-1983,2,458
0,13876,-520,9284,733,-63,-2195
0,14896,-3776,6440,-2012,-516,747
0,14420,-492,9420,-1520,-346,390
0,15108,-3208,6964,90,123,-66
0,14792,-2476,7532,683,1273,-1877
0,14764,-2952,7716,-340,652,179
0,15084,-2348,7200,519,954,-1191
0,14672,-3248,7660,-653,541,1074
0,13956,-4504,7800,-718,-362,3507
0,13832,-4636,7300,5,151,256
0,15236,-3964,6444,-1891,-585,1009
0,14780,-1156,8820,690,446,-1442
0,15536,-3208,7208,-1066,-55,725
0,13856,-4000,8284,-1516,1509,-621
0,14696,-3344,6828,-847,521,-486
0,15300,-4092,6040,341,789,-406
0,15512,-3436,7016,-62,359,-507
0,14856,-4224,6396,746,29,-769
0,14652,-4976,6804,-1060,-1219,732
0,14516,-3344,8100,-1526,-1021,771
0,14452,-3764,7364,226,985,-936
0,15668,-2456,7172,-541,-163,-1396
0,14700,-4320,6964,440,160,116
0,14080,-4448,6692,-1330,-857,1099
0,15408,-2492,6880,1197,237,-290
0,15148,-3648,6492,1319,769,-95
0,14704,-4432,7092,709,416,-1381
0,14768,-4448,6176,-456,-965,792
0,13696,-1660,9644,477,321,-434
0,16136,-2464,6408,-931,-817,1909
0,14492,-2760,8392,673,1241,-1240
0,14864,-3316,7384,-1370,-249,473
0,14980,-3548,6436,1643,1108,-2906
0,15160,-3672,6860,-167,438,-342
0,14880,-3840,6892,790,374,-1574
0,15000,-2984,7244,-943,-93,1164
0,14780,-3204,6716,-2280,-1137,1686
0,14208,-5120,6588,-649,464,1520
0,15592,-2820,7552,-286,-872,-91
0,14116,-4800,6468,-1006,-291,741
0,14484,1544,10316,-382,515,-1157
0,14832,-3532,6956,-443,419,-742
0,15304,-2408,7336,-660,484,156
0,14592,-4744,7328,-1501,-442,-1188
0,15900,-3036,7184,-128,123,1759
0,14184,-4212,7928,1219,922,-2239
0,15652,-2420,7524,-658,-609,1747
0,14100,-4004,7484,4981,1066,-1264
0,15276,-2372,7148,394,571,-2009
0,14072,-4520,5984,945,418,-614
0,15008,-3380,7016,-312,670,2183
0,14944,-2668,7320,904,26,-2134
0,15060,-2880,7416,-1260,-499,1342
0,13796,-3844,8204,2175,402,-1213
0,14720,-3220,7648,-1734,-662,187
0,15060,-1784,8604,-288,957,-2679
0,14708,-2272,8228,-1374,-235,1719
0,15160,-1492,7892,-25,-209,2850
0,12856,-6668,7792,1258,681,2154
0,19888,2304,7288,-2937,666,1771
0,14216,-4360,7456,-2116,1348,2896
0,14980,-3156,7276,-2401,-148,-930
0,14772,-4920,6596,-28,1060,2087
0,12304,-5976,8752,-1936,1623,1255
0,16788,-4928,6524,-359,-69,1386
0,14200,-3340,8608,-1125,2530,-26
0,13412,-6220,7868,-886,-779,-2275
0,15296,-4232,7392,-286,5,-632
0,14588,-5292,7288,3754,86,-5192
0,15064,-5140,6316,1210,-180,-1345
0,14516,-3728,6448,1934,-615,-2686
0,14984,-3860,6688,-481,-919,57
0,14848,-2060,8016,1774,1760,-887
0,15608,-2328,7396,-2092,-930,5266
0,13452,-5844,7260,-2789,1088,4662
0,15492,-2820,7416,1113,3441,1866
0,13784,-4548,8276,-1014,-1003,-1429
0,14300,-5476,7392,1024,3475,-293
0,14320,-4740,7112,-794,-1420,-2551
0,14264,-6732,5856,-678,888,-1244
0,13948,-3428,7984,-2526,997,-1927
0,14128,-3824,8236,1230,910,-513
0,15380,-4124,5844,-1115,-162,-250
0,14164,-5400,6956,-480,307,-1267
0,15092,-3848,5952,-808,-38,1191
0,14860,-4420,6844,2721,1855,-763
0,14648,-4356,6696,1072,29,-449
0,14552,-5264,6644,2305,374,-3207
0,14292,-284,9028,-922,-882,-567
0,15912,-1380,6976,-1539,194,968
0,15064,-2180,8176,-3585,549,4847
0,14064,-4644,7076,1947,422,-3031
0,14708,-3492,7244,-1121,663,1621
0,14188,-4100,7488,576,299,-2194
0,14248,-4940,6396,258,-309,640
0,13932,-4032,6608,-1412,-1025,688
0,14716,-3252,8028,-2029,-500,252
0,14492,-3236,7688,633,259,-195
0,14856,-4588,6704,-1337,-1083,994
0,16136,-2516,5632,-755,-1316,1067
0,14692,-3896,6932,1259,1579,-791
0,14836,-3312,7504,145,225,-1005
0,14772,-4796,7108,926,968,-1106
0,14132,-3892,5720,-1632,-732,2196
0,14412,-6196,5588,710,-614,-1347
0,14676,-552,8640,811,1183,-757
0,14528,-3804,8184,65,-26,-1982
0,14856,-3604,6844,-140,-115,529
0,13320,-3988,7116,-1504,214,977
0,15136,-4700,6284,-1848,-772,350
0,14828,-4384,6744,1118,1052,-614
0,14528,-3408,7788,-1569,-260,389
0,14168,-5268,7348,516,-682,-664
0,16284,-144,9916,-1778,1425,1932
0,14376,-4452,7760,-295,-1037,-2267
0,14680,-4328,7400,729,1036,91
0,13672,-5928,6600,-137,-775,810
0,14952,-3284,7708,-326,111,-358
0,14904,-3472,7348,-1242,-369,-534
0,14608,-4632,6464,502,936,-52
0,14828,-3944,6908,-1410,-223,437
0,14472,-4920,6984,-90,75,-489
0,14552,-4364,6416,1226,-405,-1814
0,13900,-5116,6780,-258,49,-287
0,14712,-2720,7720,-1064,-414,1732
0,14740,-5140,6600,-524,151,385
0,15160,-2996,7044,-405,-247,-313
0,14524,-4808,7180,100,49,208
0,15188,-3008,6452,-527,255,-268
0,14376,-5312,7024,-65,-428,513
0,15300,-2868,6476,-454,555,-706
0,14996,-3480,7160,-680,-279,675
0,14724,-5756,5668,-530,47,-199
0,15320,-2688,7016,-350,581,89
0,14628,-5156,6064,-92,65,-838
0,14932,-3756,6800,-6,492,-159
0,14964,-4348,6536,806,-113,464
0,15132,-3148,7204,558,530,-802
0,15464,-3892,6132,232,463,971
0,14412,-3416,7240,340,206,-1974
0,15212,-3580,8664,-2162,1421,1756
0,14624,-4128,6656,-1053,-378,-774
0,15028,-3512,7072,32,152,-192
0,15096,-4412,6036,1043,412,-268
0,14128,-1860,8328,2807,453,1796
0,14852,-2932,7600,-651,458,-922
0,14980,-4036,7056,190,201,-764
0,14980,-2976,6488,436,-125,610
0,14664,-3384,7596,55,477,-1642
0,15396,-3140,6788,-1442,564,294
0,14336,-4372,7672,-1822,35,271
0,16228,-3096,6476,-497,699,858
0,14992,-3792,6388,107,1217,-1048
0,15224,-3204,6420,-2584,1191,249
0,14704,-3700,7484,-208,-948,-1822
0,15288,-3888,6396,1113,-10,-49
0,14972,-3408,7412,-964,-621,-518
0,14864,-4696,5720,251,-252,335
0,14900,-3612,7232,1740,910,-1143
0,14596,-4364,6468,1683,-102,-742
0,14968,-3964,5828,924,-614,-2343
0,15168,-2704,6960,1683,1314,-2105
0,15076,-1668,7748,-3616,-1206,245
0,13996,-4896,6996,-2830,1810,1031
0,14216,-3392,7612,-1577,361,890
0,13432,-4884,8056,480,1723,-619
0,14764,-3752,6888,-1954,-1400,-3155
0,13848,-5352,6048,-3160,2207,-1123
0,13944,-2128,8536,-3995,3129,2146
0,14636,-4028,7132,-2659,861,1028
0,15512,-4932,4808,6585,-298,5383
0,13364,-6236,7228,3450,-3037,-3321
0,16068,-2064,8552,-918,622,1405
0,14384,-5364,6528,2201,1026,-664
0,15240,-4336,6500,-1036,-591,2538
0,13512,-4752,7900,-4503,-1083,-3154
0,14708,-4992,7312,763,1553,-31
0,14888,-1284,8752,448,-519,897
0,14188,-5472,6312,-985,2444,819
0,13380,-4064,6752,-3990,1694,175
0,14064,-5488,7248,-1768,2462,-555
0,14332,-3084,8228,1675,1102,744
0,15256,-3756,6624,3057,-14,-2639
0,15604,-3164,6644,1177,784,-565
0,14400,-4092,7468,777,1122,-1732
0,14940,-2412,7736,-3675,93,3135
0,14700,-5192,7308,-1617,603,3566
0,14528,-4604,7740,-1427,-1855,3841
0,13128,-7228,7916,-1715,-3965,3482
0,14748,-5724,5248,-1237,2012,227
0,14780,-7944,4728,1596,-2079,-3781
0,13936,-6232,5484,2764,-41,102
0,13996,-7056,6548,4194,2476,2697
0,13120,-5652,7524,2055,7684,766
0,13616,-7536,9380,-730,3058,1676
0,13788,-4564,8092,388,-1171,2638
0,13560,-5832,8768,2053,1907,3738
0,12780,-7704,8544,2376,696,-2945
0,13400,-6988,7728,-4611,3171,-4571
0,11836,-6320,10280,-1025,280,929
0,11768,-7180,9724,4735,601,3174
0,12712,-4648,8908,-5664,-1169,-559
0,13224,-7216,8128,-2413,777,2705
0,12192,-6064,8532,-594,1419,1528
0,12496,-6568,10008,-682,-193,317
0,12064,-6744,10060,-374,622,672
0,12316,-7952,8720,190,81,1884
0,11556,-7560,9448,-407,342,541
0,11840,-7252,8812,10,756,-916
0,12156,-6152,8624,207,-206,-1612
0,12004,-8136,8456,1333,-82,-1887
0,12596,-7344,8104,-907,75,1070
0,11888,-7128,9220,33,927,755
0,12596,-7112,7520,-194,344,-484
0,11912,-7748,9780,1380,611,-1009
0,12216,-6588,9272,296,545,-8
0,12020,-6812,9904,936,423,-1026
0,12420,-6588,9288,-68,405,98
0,12264,-6240,9176,-590,1366,554
0,12184,-7252,9304,-98,-329,-768
0,12028,-6488,9032,-772,261,528
0,12108,-5516,9488,-198,271,160
0,12260,-6364,9228,-612,18,-2
0,11980,-7108,9580,-647,92,664
0,12096,-6384,9396,-186,-104,-165
0,12052,-6808,9456,-498,-394,641
0,12288,-7000,9080,-293,287,4
0,11964,-7456,9672,-88,325,-133
0,11796,-6924,9368,-347,173,307
0,11936,-7076,9204,-169,329,8
0,11940,-7032,9572,-371,200,340
0,12000,-7260,9480,-290,348,106
0,11812,-7372,9492,-267,-6,119
0,12208,-7056,9464,-205,123,306
0,11880,-7228,9240,-212,307,99
0,11752,-7296,9412,-400,309,236
0,11796,-7276,9156,-240,259,16
0,11788,-7216,9380,-228,226,-12
0,11768,-7300,9428,-286,357,160
0,11756,-7440,9292,-193,221,-14
0,11632,-7420,9328,-304,284,120
0,11864,-7648,9176,-320,267,612
0,11672,-7360,9524,-160,221,-51
0,11620,-7516,9568,-205,167,-166
0,11616,-7588,9520,-169,81,-281
0,11608,-7592,9480,-255,211,-239
0,11664,-7440,9420,-158,235,-189
0,11684,-7464,9488,-188,285,-149
0,11756,-7484,9260,-236,122,-62
0,11672,-7344,9096,-40,490,-161
0,11448,-7452,9668,-958,-390,-1211
0,11772,-7292,9320,-662,412,-300
0,11688,-7452,9596,514,916,-725
0,11688,-7832,10252,5497,-1789,1402
0,11680,-6500,9992,5039,-737,-261
0,11748,-6184,10092,1694,-1566,557
0,12116,-5840,10476,362,-143,-211
0,14604,-6364,12104,-3149,-14481,-2656
0,14964,-6968,3664,-6439,-4789,-2493
0,12776,-5612,6740,-6522,1431,-4730
0,17008,-4456,3660,-7776,1710,-11038
0,14796,-2776,5036,-2284,489,-4125
0,16944,-3032,5924,518,1026,508
0,14976,-4428,6492,1453,2387,2305
0,14708,-2976,7248,100,187,510
0,14460,-4496,7144,233,-13,850
0,14576,-4152,7384,461,235,-1179
0,14752,-2880,7588,-325,-18,-817
0,14968,-3428,7096,144,-26,-542
0,14344,-3140,8244,223,118,-586
0,14880,-3204,7420,226,222,-902
0,15828,-2756,9228,-2222,-2858,-579
0,15052,-5740,5200,408,5779,7056
0,10380,-3656,6936,5606,-884,9156
0,12700,-4024,10776,-17,4253,3188
0,12996,-7348,5116,-6047,3105,8665
0,14660,-6088,7768,3579,-592,-10053
0,13260,-5776,8064,2030,-1959,-5179
0,15244,-4944,6068,-869,1104,232
0,14212,-5364,7528,906,2399,-1665
0,14692,-2716,7228,839,745,-5414
0,14884,-5240,5144,1437,379,-2856
0,14412,-3996,7116,1604,704,-1288
0,14392,-3564,8008,581,236,-1842
0,15044,-2840,7080,550,1529,-752
0,14544,-3056,7984,-88,492,-2484
0,15400,-3120,6056,-95,769,122
0,14332,-3328,6340,725,50,-686
0,14824,-2584,7520,-685,212,1769
0,15188,-2052,7624,2534,1244,261
0,14860,-2312,7908,-1487,-14,-891
0,14716,-1772,8104,-1284,151,-1062
0,14496,-2588,7984,-732,522,115
0,15328,-1836,7384,688,2113,-45
0,14312,-2448,7680,-615,722,-1190
0,14724,-2200,7824,650,1123,-587
0,14516,-3160,7656,-835,107,-1034
0,14600,-2276,8160,-863,1210,-597
0,15564,-2480,7776,-5170,1097,-1029
0,15176,-3480,7092,-1749,531,1211
0,12484,-5712,9584,570,627,-598
0,14980,-3036,6920,-292,659,1479
0,14876,-3168,8444,1200,798,-2822
0,15036,-1600,7580,-810,685,2004
0,14972,-1848,7888,-893,-442,-1901
0,14676,-2736,7644,-1115,601,2450
0,14224,-3200,8536,-1967,-248,32
0,14860,-3132,7248,-3707,1807,4756
0,14148,-4308,7504,-4226,-867,-253
0,14496,-5408,6820,448,647,1272
0,13916,-4444,8312,-71,287,-963
0,14668,-6392,5032,1633,-435,-224
0,15776,-3688,5956,1651,-172,-643
0,14560,-4624,6992,-785,-469,-1400
0,15956,-2548,7160,-2983,83,2308
0,14348,-6356,7816,403,2736,12431
0,19824,-3328,3796,-1066,-4291,11798
0,10960,-8640,10048,2240,4123,4315
0,9792,-9880,6908,2498,-3554,-3675
0,10700,-9956,3460,1226,2268,-1426
0,7860,-8176,8124,11563,2296,8350
0,9268,-7660,11304,13822,-6503,-292
0,11176,-6128,9288,21478,-20875,-11001
0,13848,1488,16076,15881,-5275,-10073
0,19820,2248,3560,4382,-4160,-969
0,16724,4288,6080,-8669,-12965,6198
0,17668,2516,4324,-4749,1609,4829
0,18192,3864,6020,-7332,-27144,18380
0,11132,-5112,-2788,-8191,-22067,14718
0,14504,-6732,-17044,-7602,-11808,-8560
0,16048,-1200,-5248,2004,4810,-1914
0,15220,-6744,-9372,-5703,8944,9210
0,13768,-8696,-5160,-8838,11683,17327
0,11944,-7856,-5324,-1290,8723,8876
0,12804,-10520,-6096,-3748,4263,5014
0,11060,-9536,-2324,-2760,5108,1396
0,10876,-10620,-2236,-1335,3247,-8326
0,14056,-9932,-488,-1612,-2446,-10212
0,14360,-9260,-2888,1525,2608,-2456
0,14048,-6764,-3216,-309,-703,-2656
0,14644,-7304,-1452,-1713,-6054,-7000
0,13696,-5984,-9800,7070,-18631,-9807
0,13412,-956,-9196,3517,-25381,-8447
0,12168,-1824,-15652,2285,-17579,-2651
0,9188,-2228,-14284,-4378,-5571,-998
0,8776,-1684,-13336,1183,3149,812
0,7744,-2204,-16180,-3286,-1411,-1630
0,8184,-104,-13704,-2306,2376,-2275
0,7792,-448,-16008,-3146,-1677,-2335
0,10160,40,-14800,2843,1944,2603
0,7536,-1184,-15252,-1811,4823,3235
0,9512,524,-15200,-969,1528,858
0,9628,-1168,-15916,-500,1787,-745
0,8924,824,-13676,-2153,-465,1486
0,8968,-824,-14020,859,2275,45
0,8984,452,-14272,-5131,-1402,2179
0,9296,-172,-15096,2689,4336,1787
0,10480,-608,-14992,1721,832,1763
0,10988,-756,-13836,2245,-793,4289
0,8496,-2764,-13540,477,2661,5685
0,9688,-2048,-13804,1214,1915,3308
0,10496,-3092,-12684,-356,3553,2929
0,10308,-2980,-12196,-1522,404,3743
0,9312,-4588,-13200,-1870,71,3265
0,10476,-4812,-14496,1547,-7692,-183
0,9460,-3376,-14188,2983,-1912,-3165
0,9588,-3128,-13168,-2617,1420,-290
0,9812,-5632,-14972,-2890,-401,1861
0,9636,-3284,-14652,-1854,345,748
0,10596,-3092,-16536,-713,-2096,-3483
0,9096,-2060,-13440,-1934,-376,-4691
0,10716,-1616,-13280,-4642,-415,-3157
0,9748,-784,-15552,-3557,-1294,-2469
0,11476,-488,-10916,761,-6284,-8417
0,9568,1760,-18044,2594,-7847,-3548
0,9420,1448,-15720,-142,1904,245
0,8620,976,-14248,-3743,1833,1577
0,9100,1584,-15336,-1745,1108,-566
0,9200,2600,-17676,-2171,-2810,-919
0,8372,1984,-14544,614,1397,-1708
0,8876,1768,-13616,-711,75,2
0,8024,1680,-14880,-23,750,-629
0,8020,1448,-13684,1091,756,-1353
0,8860,2004,-14160,-297,1565,765
0,9088,1828,-14552,-328,83,-265
0,8788,1972,-14340,-848,499,-74
0,9648,2280,-14484,-622,1173,1066
0,9192,2484,-15140,-2246,1512,2691
0,8852,1916,-14828,-260,2448,-2586
0,9272,1948,-13516,355,1593,567
0,11156,2900,-13260,-326,-412,-488
0,8980,2404,-14568,-529,-1014,-1441
0,9288,2412,-14280,576,304,144
0,9432,2512,-13912,342,603,-446
0,9272,2336,-13992,243,300,-329
0,9320,2268,-13612,-107,-462,-160
0,9120,2212,-13632,-90,514,-281
0,9084,2384,-13980,-154,317,266
0,9560,2508,-14112,-160,369,42
0,9660,2628,-14252,-95,-76,341
0,9680,2616,-13952,-339,-287,-154
0,9456,2412,-13964,163,742,-245
0,9544,2580,-14384,-119,338,-14
0,9492,2532,-14100,-202,-254,1152
0,9964,2672,-14424,-273,-364,-393
0,8012,1548,-12096,-801,1083,-1836
0,8784,2112,-14000,233,511,-100
0,8684,2036,-14212,-93,359,591
0,11688,3448,-14336,-631,308,-682
0,9280,2348,-13724,-481,-234,921
0,8384,1644,-13576,-800,488,-150
0,9240,2228,-12908,-1474,-1079,2058
0,9404,2576,-15444,1567,1970,-265
0,11520,2824,-14828,2071,1863,-232
0,11300,2100,-13740,1543,4660,4326
0,10960,1816,-13712,5884,2358,-530
0,12772,-1696,-11916,4378,6476,-2695
0,14112,-68,-8400,2234,22019,-2011
0,14920,-1440,-3684,-22,32767,5850
0,15068,-1208,2788,2484,19847,7426
0,12720,-6028,7116,3645,13806,6179
0,12908,-5704,7496,3424,10636,5250
0,11604,-4636,10936,3766,5267,2511
0,11584,-5748,11384,2896,3163,2135
0,11096,-5200,11340,1067,1954,605
0,11264,-4976,11564,1258,1323,-2216
0,10664,-5128,11260,-26,257,-1610
0,11624,-5104,11292,-63,-35,-2968
0,12340,-4900,10976,-1650,736,-4191
0,11636,-2968,12564,-4519,3067,-13803
0,11344,-1004,13956,-4605,2337,-3073
0,10856,-4156,13628,-3740,-2226,-1912
0,11696,-1708,11848,-2003,8580,-1688
0,8788,-3152,13192,-735,9037,-4237
0,7608,-3120,15440,-1260,4247,-1488
0,7544,-3188,14212,-2242,2858,-949
0,7452,-3512,14580,-472,2087,-761
0,6908,-3692,14192,868,2892,-1349
0,6744,-3124,14744,1914,2042,-1423
0,6856,-2288,15532,1050,1053,-322
0,5508,-2576,15136,227,1284,606
0,5500,-448,15664,642,410,-854
0,8324,-3356,16048,-2586,-9072,2793
0,8756,-2188,16732,-966,-3054,1792
0,7240,-4620,13832,-3023,340,1446
0,7188,-3652,13812,-394,-1236,-1748
0,8744,-3612,14108,-2418,1712,-1269
0,8112,-4452,14668,-764,4166,-1250
0,7652,-3432,14368,1052,-3049,-1120
0,9248,-3288,14348,-22,1442,-625
0,7460,-4084,13620,643,-453,-1133
0,7392,-2528,15084,1137,-299,-602
0,8648,-3756,13940,-3513,-1884,4397
0,7716,-5748,15280,-3180,3078,1235
0,6860,-5444,12924,-2108,506,4939
0,6508,-6024,13092,721,1639,6559
0,7572,-5980,12940,-16,-1941,656
0,9532,-5980,12484,827,-1214,-1542
0,9772,-4488,13124,1551,-1810,-2367
0,9668,-4460,13032,-1325,-2233,181
0,8492,-4640,13328,-631,-112,-1436
0,9044,-4640,13232,-940,-994,-1151
0,9484,-5260,12816,-924,114,-884
0,10432,-6064,11920,-908,-215,608
0,9756,-5932,12596,-44,-1219,63
0,10416,-5396,11852,-358,-2052,-478
1,10900,-5284,12088,-289,-817,-145
1,9784,-5248,11984,-415,-34,306
1,10320,-5476,12208,-357,-35,220
1,10316,-5524,11932,-110,352,124
1,10044,-5816,12024,-670,217,188
1,10076,-5972,11944,-615,307,562
1,10116,-4972,12392,-872,-224,2545
1,9316,-7248,12868,816,-3814,5921
1,10104,-7224,10252,1761,889,-1843
1,10292,-5876,11508,-3221,2646,-7225
1,9844,-4948,12780,1327,-1114,1609
1,16188,-6720,10736,-3903,-5046,10292
1,7444,-8340,11256,-5878,-10652,7356
1,7860,-10132,6364,-8804,-12602,3923
1,11572,-10908,2088,-6582,-9221,-3521
1,12036,-11208,2472,-535,-5409,-2004
1,12728,-11264,1516,1894,-9122,-2171
1,13744,-9800,476,3655,-495,-1522
1,12724,-10012,2420,2454,-2061,-1552
1,13000,-10380,2364,1122,692,-2247
1,13828,-9416,1676,1554,889,-2057
1,14292,-9376,1828,1738,-1515,-2178
1,14628,-8776,1780,1125,-1631,-392
1,14408,-8768,2404,154,-3576,1402
1,14084,-9128,372,622,-4473,2066
1,13892,-9924,-204,-35,-5409,2315
1,13604,-9632,-916,-330,-2646,338
1,13416,-10120,-536,-463,-301,554
1,13452,-9760,-928,-586,1014,-445
1,12908,-9084,148,-1360,4093,142
1,13880,-9964,656,-792,5120,-1142
1,14692,-9588,-664,-3228,4970,1100
1,13316,-10496,1360,-2042,4594,-1403
1,14000,-10572,1796,-1004,9828,-945
1,13320,-9720,3608,-845,6837,-285
1,10556,-8956,8208,2436,9948,-1695
1,11804,-9676,7892,-1335,3950,-459
1,12492,-9216,4756,-2209,2372,1488
1,8360,-11036,4968,714,6589,1689
1,9308,-8044,10904,11383,-1454,-2063
1,13112,-5628,12904,-2220,6348,-1079
1,8324,-6896,9048,1081,-6565,-2058
1,9480,-3504,10748,599,3511,-1493
1,12656,-7636,10664,-5240,6201,3239
1,11180,-8284,9528,-625,2743,-2499
1,11632,-7952,9612,-1352,3939,-7553
1,11296,-6260,10604,1286,-3638,2553
1,11796,-6336,9608,292,-520,-468
1,11300,-5388,10700,-22,-240,-951
1,12136,-6268,10984,625,-2648,12665
1,10236,-5128,10616,3471,2602,-5975
1,11660,-388,12912,-2912,4771,-10063
1,11380,-6016,8856,3891,-4612,8610
1,13308,-5140,14700,-4152,-520,-10329
1,14472,-2864,10540,-1500,-2235,7692
1,10040,-9368,9864,609,1214,2935
1,10496,-7520,9916,-3974,1937,-12712
1,11856,-6656,9504,-250,-1881,9996
1,10712,-8948,10404,2054,2476,-6849
1,12996,-3728,9852,-587,218,3046
1,9504,-9312,11964,1409,914,480
1,11596,-6260,8268,-1754,257,-4285
1,10688,-7696,10576,-1217,-592,5718
1,8876,-10108,11140,1701,1098,-1064
1,10924,-8636,7916,708,1664,-8292
1,11228,-6032,10012,-2224,621,8341
1,10680,-5836,10768,2969,1835,-12759
1,12848,-1124,12376,-771,-991,5158
1,9892,-9848,11276,960,104,-929
1,10728,-8880,8356,448,-380,-5470
1,12040,-8168,8968,-1935,1228,8029
1,10596,-8064,8196,-2184,-2106,-3464
1,12280,-8172,9020,-725,2729,-1489
1,10996,-7084,10752,2453,2157,-5100
1,11460,-7600,10316,-826,-1244,4383
1,11684,-6052,10432,3149,-2838,1337
1,11708,-6584,9852,1765,-1180,1347
1,12964,-6192,9708,234,-995,328
1,11840,-6724,10284,-516,585,6
1,12000,-5680,9264,-596,122,-74
1,11752,-6344,10404,-237,287,-869
1,12384,-5700,9556,-448,475,-110
1,11964,-5924,10736,-321,803,-349
1,12868,-5604,9028,179,3566,-3423
1,11136,-5812,11820,-1975,44,-1866
1,11884,-6224,10292,-326,618,-137
1,12552,-6052,10180,-505,-308,100
1,11620,-5372,10716,-124,335,-73
1,11700,-5696,10288,327,-23,24
1,11340,-4124,13700,4477,-6959,4078
1,10364,-6844,8304,-691,4387,-3984
1,14236,-6108,7644,2664,-360,-219
1,10672,-3736,10992,2203,2322,-789
1,13468,-3744,9760,-2482,-2115,169
1,12504,-6060,9744,-1169,-317,428
1,12520,-5844,9976,-794,1403,-246
1,12236,-4900,10212,-58,862,-7
1,12016,-5064,10116,-348,398,-64
1,12092,-5244,10628,-4,33,-108
1,12128,-5220,10584,-101,449,-2
1,12196,-4952,10300,51,311,-252
1,12552,-4976,10892,-153,541,-184
1,12012,-5084,10604,69,89,-558
1,12084,-4692,11000,-274,279,51
1,12080,-5108,10616,-369,134,246
1,12348,-4796,9996,-494,857,-351
1,11944,-5052,10472,-1978,653,-1031
1,12572,-5580,11340,517,-1734,-2911
1,11960,-2396,13240,943,-5502,-7188
1,13124,-4832,7272,-8768,6650,-4705
1,12872,-3468,8400,-2421,2826,-10281
1,15848,-952,7172,1833,-3134,-3514
1,12788,-576,8812,4245,-511,-2002
1,16044,248,8304,403,-1161,-1220
1,13932,-332,9600,-101,689,689
1,14512,-632,8700,-844,342,544
1,14560,-868,8772,-309,-1,2344
1,14276,-1788,8556,-721,210,896
1,14128,-1176,9088,-979,42,931
1,14204,-1632,8960,-584,19,1223
1,14116,-1936,9000,-1059,59,1163
1,14196,-2736,8500,-471,5,256
1,14244,-2112,8608,-233,176,-384
1,14152,-2208,8740,-204,88,-225
1,14296,-2196,8648,-126,256,-191
1,14220,-1936,8816,-192,213,-85
1,14020,-2144,8692,-232,65,889
1,14184,-2372,8668,-32,168,-19
1,14004,-2312,9208,-22,-189,-14
1,14064,-2368,8864,-433,257,-28
1,14204,-2328,8740,-237,284,-147
1,14328,-2148,8624,315,370,-140
1,14208,-2468,8848,-192,184,-121
1,14192,-2212,8584,-132,262,-153
1,14272,-2108,8472,-53,217,-169
1,14128,-2248,8680,-203,189,-118
1,14252,-2140,8688,-22,229,-163
1,14176,-2152,8784,-120,279,-234
1,14280,-2036,8736,-198,196,-156
1,14292,-2368,8584,-369,-36,-40
1,14012,-2368,8888,-589,163,-332
1,14136,-1952,8680,411,442,-291
1,14148,-2096,9040,111,310,-177
1,13988,-1920,9004,-830,15,-131
1,14032,-2792,8484,-89,462,-1200
1,14220,-2352,8524,-551,78,328
1,14176,-2248,8632,-729,271,968
1,13376,-3864,9284,1192,-575,-1339
1,14072,-1024,8228,-3707,1978,5094
1,15208,-2300,8512,-4861,-3390,13686
1,17020,-5704,7480,6150,3525,3043
1,15572,-4240,5784,11478,-12941,31
1,11652,-2916,7756,3414,5035,4315
1,13744,-6920,7632,3274,3045,-474
1,10028,-4924,11084,-1159,10970,146
1,10432,-5448,10668,-4290,15327,-708
1,4972,-5420,16452,-1108,8522,-1744
1,7088,-4324,16476,-1607,2390,-1912
1,4784,-6568,15832,-2276,11873,-3133
1,5088,-5824,15028,-1437,1774,-3171
1,4712,-6156,13264,-7186,2899,4315
1,3164,-8676,14760,-989,2158,-1030
1,2820,-7380,14092,2563,-223,-1928
1,5092,-4976,15572,2201,-281,-2436
1,4640,-6260,14200,-5087,2998,2397
1,3432,-7828,13540,3193,1162,-2007
1,2100,-6612,14192,-861,3003,2459
1,5080,-8824,13372,1692,-4297,-107
1,6636,-4608,17428,7256,-5323,-1088
1,9356,-4340,14404,-1298,-4705,7194
1,10028,-6268,11032,-727,-12431,5195
1,10240,-8100,9360,2184,-10282,-1552
1,11544,-6876,9132,-10,-1467,1562
1,10084,-7140,9992,1360,-6225,3419
1,12912,-6548,8476,1690,-7520,2520
1,13680,-6540,8416,-23,-1285,456
1,12520,-6772,8476,-1341,-467,32
1,13580,-6604,8012,-1745,3160,-1022
1,12208,-7524,7864,-4429,2729,2253
1,12044,-8628,9320,-2637,9138,904
1,10844,-8356,10648,-1346,1733,407
1,12828,-7448,5336,-2373,-2478,370
1,8880,-8520,10972,7806,-10957,-5601
1,14096,-7188,5212,-9739,10221,4737
1,8584,-13128,7816,-23480,15285,9031
1,7556,-16344,4624,18291,-32768,-12258
1,15448,-4168,-3004,32767,-24286,-20101
1,20328,964,-356,-9304,2821,9173
1,6456,-6948,-2088,-32768,32767,18694
1,8004,-18496,6832,15860,-19389,-3771
1,14652,-8208,-4736,32767,-29024,-25614
1,16492,-468,2768,14370,-8057,-15850
1,20188,560,-704,-15743,5553,15252
1,7320,-4840,2608,-32768,32767,26951
1,6224,-8808,4028,9474,-23993,-598
1,13536,-10704,-2116,23863,-25243,-19828
1,16576,-3792,1504,16536,-12096,-16744
1,16612,-912,1284,-5395,53,11196
1,7764,-6744,-1144,-32768,32767,20827
1,6492,-13824,1616,9869,-16229,-1792
1,11768,-11616,-4828,29543,-32768,-24767
1,16300,-3832,-288,21397,-8975,-13320
1,18544,-956,-360,-3036,-1118,5565
1,8800,-4876,-416,-32768,32767,18684
1,5448,-15408,9428,13062,-20973,-1490
1,15476,-7192,-6464,32767,-32768,-24430
1,15544,-1428,3088,13287,-506,-15861
1,20168,1240,584,-8194,-188,12338
1,5340,-10852,5480,-32768,32767,14794
1,6276,-14732,4692,5884,-31883,-2954
1,17724,-8588,-6860,25169,-23789,-14183
1,15008,-4240,3036,10625,-3904,-8770
1,16724,-3192,372,948,-3931,4023
1,13228,-4700,-2044,-32768,32767,21275
1,5468,-16612,4500,1117,-18796,-463
1,13144,-11588,-6024,28128,-32768,-26161
1,15992,-3576,-920,23226,-6533,-19491
1,17400,-1488,812,-219,-4970,9103
1,5508,-7864,-4700,-32768,32767,27674
1,3036,-14720,2408,18559,-32768,-12905
1,15612,-6136,-10160,32767,-20163,-28224
1,16448,588,2424,17707,-5003,-15824
1,21288,1412,-6252,-32768,16797,31604
1,1428,-12544,6424,-32768,32767,25086
1,3128,-13184,-4120,26112,-32768,-19289
1,18700,-6060,-6216,28111,-4316,-21897
1,15548,-2548,3068,4825,-2806,-3798
1,14724,-3560,-7948,-32768,32767,32767
1,3324,-32768,-12188,4661,-622,3781
1,2496,-20036,-1680,29054,-28015,-25906
1,18452,-5824,-5024,24155,-2925,-15126
1,17568,-3176,1280,1758,16,-2419
1,9992,-3928,-7592,-32768,32767,31010
1,15956,-21828,4156,16279,-22488,-6156
1,11052,-10768,-5100,25218,-25822,-28944
1,17080,-5720,-3872,13460,2629,-10558
1,17556,-2852,-2504,-4561,3036,5774
1,7460,-168,-8660,-32768,32767,32767
1,10916,-21728,372,10160,-4893,-6057
1,13392,-5840,-6532,24426,-32768,-28553
1,15264,-2772,-4768,15684,1471,-12351
1,15788,-4904,-3124,-4172,-648,6356
1,13672,-2072,-10232,-32768,24568,32767
1,12008,-22416,-5440,3169,3516,658
1,10300,-7716,-7840,22347,-24735,-32768
1,17220,-4292,-7700,11056,-126,-11717
1,17024,-5812,-4952,3420,-3868,-1595
1,16656,-6740,-7948,-24,5466,-3617
1,13844,-7972,-5508,8497,6432,6990
1,14472,-4996,-2468,-3989,1026,9914
1,9328,-5776,-9948,-32768,32767,32767
1,9296,-16324,-1668,12852,-10465,-7271
1,8020,-10548,-5836,24214,-24251,-28862
1,14284,-5444,-4264,14463,2252,-20652
1,15556,-3680,-132,6126,219,-5726
1,25764,-1364,-14500,-32768,32767,15210
1,6616,-22312,10152,-8881,32767,5834
1,11524,-11000,7348,16255,-26790,-6188
1,16560,-6568,764,16131,-13301,-1187
1,14672,-5464,6592,6382,-6543,-2803
1,29040,3824,-11824,-22083,19697,8233
1,-504,-18276,22244,-26051,18219,10210
1,9648,-11104,-1000,23564,-32768,-8914
1,12932,-4752,6708,24621,-2305,-9997
1,13580,-4080,8004,8401,-8495,-2193
1,26644,992,-6312,-26813,27399,1110
1,-1812,-14016,22964,-32768,32767,-2209
1,8660,-11392,-168,23179,-32768,-6386
1,14080,-4760,5600,18680,-8343,-1726
1,15192,-4772,6744,8460,-6076,-3958
1,13144,-2920,7628,9004,-12612,-4810
1,14220,-5792,1040,-32768,32767,2312
1,3460,-24512,15472,-15876,-17885,15215
1,8504,-11492,-1948,30241,-32768,-20361
1,16332,-2768,932,23795,6181,-17465
1,15652,-368,7228,558,5258,-12453
1,16144,-1136,1480,-32768,32767,2218
1,508,-10748,16648,-30099,-8090,29959
1,3044,-16696,5284,7325,-21086,-5393
1,10512,-7576,5488,15553,-21149,-16880
1,12592,-4880,8448,13905,-5814,-13414
1,15220,-336,7288,2870,-6924,-2821
1,6452,-2628,16180,-32768,32767,27698
1,2624,-9884,4276,7367,-32768,-10030
1,13564,-10148,1712,17549,8186,-14910
1,16656,-4744,4128,11625,-7478,-12941
1,11228,-4892,10792,10130,-4240,-2709
1,32767,2904,-13508,-32768,27229,8321
1,4880,-19120,14076,-18528,-9567,21831
1,6564,-15132,-2980,15896,-32768,-6809
1,15284,-9180,-988,26455,-9935,-3266
1,13212,-8940,3136,6426,-12673,-5373
1,19880,-2136,-5360,-7234,7248,-5799
1,5904,-8524,14284,-32768,32767,9995
1,7244,-13376,1792,13320,-32768,-4328
1,14120,-8272,-4548,32702,-24857,-14915
1,16492,-1800,1884,21424,-11855,-9999
1,24704,304,-12440,-32768,32767,13564
1,7788,-24668,15652,-23119,9559,17348
1,7208,-11984,-4268,28499,-32768,-17875
1,16384,-4988,-1208,25687,-6777,-10955
1,19468,600,660,3773,417,-6115
1,8816,-7516,-4600,-32768,32767,11127
1,296,-16600,7388,14843,-31694,382
1,17764,-7208,-8608,28199,-32768,-17168
1,14316,-3812,3260,15076,-6421,-8134
1,22912,-192,-5116,-25965,17245,5062
1,5496,-15736,4764,-32768,32767,8800
1,4104,-12104,3384,21468,-32768,-8185
1,18552,-6524,-4592,32767,-25121,-5765
1,17476,-668,2172,10448,-4986,-9245
1,22696,436,-4152,-32768,32767,7963
1,3548,-12940,17408,-22976,32024,11499
1,7264,-14080,-312,29335,-32768,-10910
1,17576,-4484,-388,24607,-15121,-6568
1,17660,-2568,1616,5328,-4354,-553
1,16152,-2132,984,1399,-4552,1522
1,12844,-6080,-2620,-32768,32767,10675
1,6008,-15388,11404,215,-24090,4924
1,12632,-10296,-9140,32767,-32768,-18928
1,20672,2404,-252,410,5259,-7249
1,12060,-6320,-396,-32768,32767,14816
1,7328,-13204,5260,11867,-22128,-1611
1,17008,-5960,-6620,31288,-27721,-16947
1,22472,724,-5240,-26098,19214,5867
1,11288,-15680,7796,-22423,19795,14810
1,8008,-12884,-2600,28533,-32768,-14845
1,18868,-3448,-6784,32767,-8518,-16957
1,22208,2452,-1200,-19027,4626,10635
1,7632,-8192,-7444,-32768,32767,23571
1,8844,-17344,6820,11880,-14876,3324
1,6488,-8080,-3472,32767,-32768,-28941
1,16816,-1320,-1028,23780,-1223,-15304
1,18644,740,2068,-4113,-1052,6666
1,7320,-5152,-3768,-32768,32767,23451
1,5932,-14360,6320,2546,-16333,6377
1,11988,-15792,-1588,12240,-25417,-15098
1,12420,-9680,-2924,23221,-22841,-16537
1,17640,-3500,-5148,16533,-8657,-10170
1,9204,-5112,-5148,-32768,32767,21061
1,7276,-17132,2816,4932,-15265,5450
1,13980,-12468,-3872,4075,-16303,-9066
1,12540,-11744,-724,1911,2516,-3083
1,13384,-10288,328,4605,-5420,-7130
1,14488,-10248,-716,-4136,8788,1568
1,13188,-10204,-508,-1451,-1418,-2898
1,15876,-8272,-1248,-1950,2356,-508
1,14604,-9616,-1356,-2388,1123,-170
1,12996,-9292,-300,136,2379,-156
1,14872,-8552,-688,1178,1357,-1973
1,14432,-7864,1764,-1654,3437,1551
1,14248,-8976,332,-47,-1204,695
1,13440,-9084,520,1965,-2881,196
1,12224,-10772,1368,5089,-6922,-1772
1,10424,-9720,-5640,16084,-32768,-6859
1,1212,-11908,-272,-32768,32767,20954
1,6388,-15272,4732,6653,-26716,2869
1,11352,-11800,-4536,26590,-31171,-25712
1,15300,-5240,-1472,23853,-10074,-16207
1,25348,2700,-11248,-32768,30851,20258
1,5560,-23232,10728,-25444,8356,20880
1,8268,-9580,-7984,24088,-32768,-27414
1,14940,-4940,-1996,14972,2070,-12488
1,16032,-4892,60,7467,-7579,-6467
1,19812,424,-12600,-32768,32767,23648
1,6584,-23484,5656,-9225,3713,18259
1,12416,-11964,-3320,6285,-26282,-13461
1,9768,-10052,1296,23105,-10181,-14740
1,20436,-1500,-6164,1706,-7876,-3360
1,9176,-11676,5580,-25656,32767,14620
1,9456,-14448,3404,8611,-22962,-2706
1,13200,-6848,-1596,22230,-17636,-8117
1,17072,-4876,-2252,7810,-7470,-3854
1,14228,-3616,-2660,-32114,32767,4150
1,6992,-13396,9644,4997,-20210,2196
1,21564,-1216,-14052,4345,-12290,-7174
1,7044,-14140,11868,-18294,29015,15111
1,8876,-13960,-4,10745,-32768,-8883
1,16736,-4424,-8448,17859,-13373,-14340
1,13032,-8448,-844,-32075,32767,13821
1,7884,-12448,3664,9597,-25842,-1891
1,27156,1832,-17264,-7344,12522,-6938
1,6344,-7980,16172,-11837,20792,5002
1,11308,-11768,88,9451,-32768,2104
1,12276,-11112,-4356,28349,-32484,-8575
1,21156,-504,-11980,14530,-10051,-5303
1,4992,-6408,-1704,-32768,32767,24164
1,6380,-12644,1988,4541,-32768,5998
1,10520,-14048,-5976,19320,-20431,-21854
1,14772,-4812,-4572,24533,-11294,-24955
1,17588,-1328,240,8224,3651,-10804
1,13820,-3848,-5820,-32768,32767,21330
1,7992,-19864,3976,-7405,-13085,12250
1,8664,-12004,-5136,27940,-32768,-22782
1,18048,-5244,-6972,27648,-1915,-19524
1,16848,-216,1384,6825,-3835,-7541
1,11796,-5084,-10252,-32768,32767,17150
1,2572,-23104,6176,-13261,-31378,14278
1,10856,-12028,-8708,30498,-32768,-28516
1,15448,-6172,-5560,20697,3223,-20255
1,23872,1072,-4196,-17364,11958,9307
1,4704,-9740,6032,-32768,32767,31115
1,3696,-12636,3820,9923,-32768,-2893
1,11564,-11784,-1936,17093,-21221,-18402
1,15396,-6900,-2352,19286,-3135,-24236
1,25312,2860,-3108,-5259,7875,-2292
1,7276,-10576,5244,-32768,32767,18402
1,7176,-14620,2940,1266,-28238,-639
1,15184,-10908,-1544,12442,-10237,-9336
1,13332,-7464,2000,13895,-3254,-12689
1,21836,-1356,-1608,-18048,18686,4236
1,6660,-12108,13016,-11570,6687,7778
1,11532,-10372,924,16453,-31962,-9692
1,17684,-3808,572,6603,247,-9026
1,12556,-7488,5080,-29649,28450,14359
1,7608,-12656,-804,14867,-32768,-5219
1,22564,-2500,-9340,-2727,921,620
1,9524,-13456,5484,-10142,15585,8829
1,15876,-7348,-4568,5442,-20709,-4926
1,12168,-11656,152,-4132,15159,2310
1,13272,-9324,-516,3197,-10274,-2173
1,14352,-9368,-376,-972,5511,-101
1,13560,-9508,-28,166,-1732,-646
1,14248,-9084,52,-669,1496,-834
1,13836,-9244,-332,258,-186,-320
1,14868,-8920,36,-1016,2474,1241
1,12352,-11596,2016,-3367,14906,4942
1,9356,-12304,-3404,27680,-32768,-6832
1,12088,-4624,-12776,-32768,32767,21402
1,4212,-24400,-524,8336,-10277,3206
1,8404,-12652,-5540,24582,-32768,-31102
1,16924,-4276,-5348,22744,4021,-20440
1,19912,384,-1276,-18598,8276,11731
1,4468,-15700,1848,-32768,32767,25526
1,5768,-12728,-4252,12716,-32768,-7236
1,15568,-10028,-4132,13967,-5545,-13930
1,11572,-5788,-1484,12549,-16155,-11424
1,10880,-12564,212,-25670,32767,16505
1,5960,-14820,4032,7784,-23736,972
1,10148,-11032,-5692,26262,-32768,-17283
1,18840,-3600,-9884,2669,-2176,364
1,5496,-14744,5096,-32768,32767,11957
1,8912,-10724,-6292,20749,-32768,-9231
1,13632,-8624,-3032,-2828,14210,-3861
1,16056,-9932,-2368,-4091,2161,2763
1,11796,-11620,-2928,9105,-9013,2644
1,12508,-5528,-2572,-7973,-4880,-12412
1,15352,-7560,-552,-9936,24563,8233
1,8012,-13024,-1296,16838,-26233,-745
1,18184,-3660,-6828,-2634,-711,-13031
1,13900,-10180,976,-18930,25036,14737
1,7724,-13196,-1420,15751,-24142,-2408
1,16172,-2340,-8796,-2884,-8748,-12375
1,13140,-8248,516,-29571,32767,30702
1,7956,-18376,1108,7217,-19445,5293
1,6252,-9720,-4032,32767,-32354,-30290
1,18740,-324,-4468,12595,-7595,-6722
1,9348,-8240,-2536,-32768,32767,24818
1,4196,-15440,2368,6965,-16685,811
1,10752,-9888,-8028,31118,-32768,-26434
1,16916,-3928,-3660,16920,3052,-9935
1,14032,-5136,-10908,-32768,32767,27902
1,3160,-26216,-956,3492,-10084,5590
1,9460,-10820,-4796,27420,-32768,-24378
1,14880,-6016,-5064,22783,-10967,-12807
1,19412,-1784,-7860,-25842,20631,11627
1,4412,-21440,5048,-32768,32767,22631
1,4480,-15524,-584,17778,-32768,-11432
1,16428,-6308,-9732,26514,-21401,-24919
1,14844,-3636,556,10732,435,-10487
1,20912,-1956,-7956,-32768,29271,18913
1,7640,-21860,6800,-32768,24971,19536
1,3504,-15148,-2232,27826,-32768,-19821
1,16916,-4460,-7084,27507,-11968,-23666
1,18148,168,680,3616,3765,-6537
1,10220,-5388,-4440,-32768,32767,22712
1,6400,-17080,2980,12168,-14006,-3169
1,20852,-1732,-3504,17171,-20425,-12615
1,15892,-5768,2880,-6807,10504,4109
1,13816,-8008,2472,-2894,-1065,-60
1,15832,-7084,-84,-3606,820,-265
1,13992,-7916,-168,-2812,2015,-1100
1,14464,-6568,-1028,-1520,-1245,-1609
1,16448,-5656,-1056,-968,-839,-4197
1,17456,-4972,1008,1436,3159,-4125
1,16212,-6392,3284,3394,-1157,-332
1,17196,-1364,-5840,10693,-14875,436
1,1360,-8332,9856,-32768,32767,32767
1,5792,-17672,-1520,-7540,-23120,1596
1,5616,-16060,-4000,16368,-23480,-23276
1,12456,-2852,-4836,32767,-27504,-32768
1,8304,-10952,-9736,-32768,32767,15677
1,1528,-25488,-5632,5497,-32768,-5303
1,13308,-9816,-9792,30197,-32768,-20735
1,12856,-5312,-1368,21854,-1622,-17487
1,18436,-276,-8940,-32768,29038,13451
1,4520,-26872,11136,-29685,32767,32767
1,2748,-15256,516,9619,-32768,-12336
1,12808,-9580,-5668,18190,-19288,-21672
1,12744,-8820,-1992,17897,-15127,-16292
1,19756,-452,-6056,9127,2936,-6199
1,6864,-7088,-4672,-32768,32767,31434
1,3520,-12904,3808,14309,-30527,-2258
1,14256,-8216,-6536,25988,-31626,-28467
1,15360,-2728,-3120,32767,4588,-24663
1,20392,3088,568,726,-3659,6584
1,8496,-5044,-2664,-32768,32767,14823
1,2804,-29776,7152,-31869,2561,30446
1,1716,-21652,356,7842,-32768,-20338
1,16956,-4192,-9424,26565,-18268,-32392
1,12680,-3784,3496,10298,9698,-13255
1,16348,-5048,1744,-8907,7665,7304
1,12756,-7372,5276,-6558,2330,11665
1,11520,-12040,3816,-5458,-1470,8665
1,10296,-11796,3376,9343,-15935,-8239
1,18020,-8564,-3164,-6680,8534,-213
1,8900,-11736,6072,-9912,9857,2723
1,16736,-9408,-5564,11066,-15867,-15395
1,16736,-3300,1080,9768,-4613,-9618
1,16232,-3076,-7188,-32768,32767,25086
1,5508,-26724,6744,-19382,-2548,15308
1,6472,-17444,-4964,20016,-25736,-26053
1,14844,-6712,-900,22017,-5249,-24517
1,22628,620,-11256,-32768,32132,8032
1,7792,-23156,10084,-18834,16512,19973
1,7684,-16160,-1296,23695,-32768,-20261
1,15888,-5160,-5384,28816,-6783,-19403
1,14700,-4556,2192,16547,-3573,-7654
1,22068,32,-1940,-8782,3818,10886
1,13040,-6240,-5348,-32768,32767,16236
1,8120,-13940,8148,-12464,-5079,6509
1,8640,-16992,1728,10661,-29388,-7835
1,14024,-5844,-7080,29072,-23814,-22909
1,20088,536,-2112,-5658,26504,354
1,5708,-12392,8944,-32768,32767,23939
1,1284,-17604,-1060,1792,-32768,-8091
1,13528,-10836,-7508,20139,-24177,-16590
1,11804,-8616,112,14747,-2170,-8597
1,20208,-5456,-14576,-32768,32767,15474
1,2068,-32536,13264,-18452,5347,19830
1,5768,-18092,2048,7243,-32768,-12419
1,10452,-8436,-3292,24696,-25219,-27141
1,17596,-2636,1040,12184,-33,-7484
1,10268,-3688,-7584,-32768,32767,32767
1,2068,-17680,5636,9227,-16066,64
1,10064,-15560,-2140,12512,-32610,-15903
1,14852,-11396,-1692,10296,-8095,-13945
1,12792,-8280,1472,14871,-15223,-10643
1,4420,-12540,-4360,-32768,32767,32767
1,5784,-15184,-2416,-2376,-25084,1796
1,9656,-18072,-4504,14917,-27330,-16659
1,8688,-8288,-1708,24588,-17434,-31011
1,23040,2784,-9740,-4917,13200,10891
1,4072,-22884,7372,-32768,32767,27053
1,3620,-16124,2164,6528,-20882,-3919
1,9744,-10488,-668,21103,-32768,-24370
1,13848,-6216,-3148,17721,-13609,-18632
1,7884,-5756,-5464,-32768,32767,25795
1,6028,-16768,6528,10294,-13634,712
1,7680,-9044,-6564,30182,-32768,-23055
1,18556,-1780,-3728,17703,535,-16720
1,5220,-7704,-3736,-32768,32767,26749
1,4048,-16764,5384,7048,-13828,4226
1,6676,-13900,-3796,20971,-32768,-25979
1,17284,-4356,-6124,22640,-354,-23549
1,12840,-1128,-5004,-32768,32767,25564
1,4104,-22140,1612,7714,-7187,2540
1,10056,-15024,-1120,18523,-24851,-16686
1,17244,-2208,-4632,10369,-4171,-11772
1,10980,-10176,-420,-32768,32767,19418
1,3184,-17088,7860,-664,-5817,11587
1,2632,-16796,-3368,26213,-32768,-27255
1,19876,-3184,-7548,15353,-793,-14338
1,8792,-7036,-6344,-32768,32767,22660
1,2644,-18220,8608,9280,-13130,8841
1,5808,-12832,-4492,32767,-32768,-32314
1,22004,-4284,-8088,-16189,32767,-4502
1,1996,-12960,16276,-32768,32767,15236
1,-2320,-17764,-960,19423,-32768,-13782
1,20720,-1856,-12048,19730,-21861,-18972
1,7244,-10224,4180,-32768,32767,14544
1,3012,-18696,3020,3274,-32768,1154
1,9840,-9048,-9096,32767,-32768,-28767
1,17576,-4116,-12776,-32768,32767,18065
1,3772,-24480,3848,-11304,4202,26178
1,2396,-20292,-4800,19775,-32768,-24499
1,11888,-7336,-3176,27135,-15953,-31252
1,17436,-2316,-3768,-32768,27244,13043
1,8940,-19864,8800,-15786,11961,23605
1,4296,-14816,-5264,32767,-32768,-21804
1,18684,-4136,-6548,9392,-958,-8467
1,7984,-8876,-5512,-32768,32767,25205
1,7588,-16296,2716,308,-2240,9634
1,3120,-19244,-5260,16490,-32768,-21134
1,13660,-7804,-4928,15763,-5066,-20394
1,15992,-3168,-11372,-32768,32767,19494
1,1912,-27244,-1752,-4680,20001,25688
1,772,-18688,3776,3669,-32768,-11785
1,11572,-9920,-5100,22637,-32768,-32768
1,14568,-3856,-604,11937,-2820,-15057
1,-2556,-8396,-2220,-32768,32767,28032
1,8272,-17004,-2816,9642,-23525,-4299
1,7276,-16184,-5560,14988,-22108,-19604
1,10796,-10092,-3236,24462,-17175,-27944
1,17996,-3216,-2680,12470,5574,-10927
1,7796,-7644,-5948,-32768,32767,28018
1,1796,-25744,-2560,6114,-10859,2188
1,9772,-13264,-7016,27504,-32768,-28943
1,15876,-7132,-7916,25917,-10979,-26381
1,17872,-228,2284,10558,4355,-9669
1,12068,-4472,-9320,-32768,32767,31935
1,6824,-26720,6420,-32768,22870,17862
1,2992,-17856,-4344,28360,-32768,-30256
1,17440,-5680,-11876,32767,-5351,-32665
1,19580,3068,3984,-2771,6693,1996
1,11300,-5304,-9916,-32768,32767,32767
1,5160,-32768,-4972,-7701,-2012,15122
1,5404,-13232,-2984,32767,-32768,-31101
1,18816,-2756,-5084,20588,9956,-20462
1,11796,-3072,-10644,-32768,32767,31036
1,1204,-32768,-12256,3823,19004,17108
1,4652,-18492,768,2565,-24911,-7606
1,7384,-8968,-6600,28724,-32768,-32768
1,17060,-3676,-2608,6423,7141,-16045
1,10536,-5848,-5668,-32768,32767,32767
1,4572,-18624,3960,-282,5237,11029
1,4936,-17524,-60,9884,-32768,-14327
1,15648,-6152,-6128,18759,-31933,-25429
1,13540,-5876,-272,14403,-4496,-13356
1,15900,-4468,-8144,-32768,32767,14932
1,-1056,-21164,14948,-15235,28,18365
1,10348,-13696,-5252,18566,-32768,-19201
1,13720,-8884,-3272,14451,-6762,-9584
1,13972,-8388,900,7133,-651,-6339
1,24388,96,-12248,-28335,28031,18441
1,1856,-27384,10560,-32768,32767,25963
1,4676,-19836,-652,480,-32768,-10930
1,8216,-15008,-2756,14947,-20790,-16069
1,12236,-9928,-1660,14651,-13449,-16125
1,22464,8,-9636,-12003,12716,4554
1,-2004,-18200,6244,-29569,32767,25219
1,3376,-16568,4916,6806,-32768,-11586
1,7540,-10940,-1048,27143,-32768,-22621
1,18716,-6224,-6416,27281,-11848,-12565
1,28548,4260,-11528,-29867,22094,19769
1,-4348,-22428,9608,-32768,32767,27854
1,3848,-15952,-1336,4854,-32768,-10969
1,12224,-11940,-3816,19577,-19266,-20383
1,11928,-10108,2928,13832,-11412,-9499
1,22916,-212,-12072,-5199,-4402,10493
1,-8100,-32768,14532,-32768,32767,29221
1,740,-13992,-5000,4455,-32768,-17076
1,12308,-10784,-5224,17616,-25717,-16282
1,12028,-10048,-916,13498,-12098,-11824
1,14824,-7648,-2300,12956,-4130,-11684
1,14020,-6940,-18144,-32768,32767,21275
1,-5540,-32768,-2012,-13013,-23639,7203
1,9512,-16332,-4092,15664,-32768,-21221
1,10656,-8872,-1788,19005,-17258,-19784
1,14396,-7020,-804,7447,-6980,-11993
1,21408,-1328,-15560,-32768,32767,18783
1,4556,-25836,10596,-17185,4860,19989
1,3128,-16344,-2928,28642,-32768,-24648
1,19880,-5672,-10700,21907,-7323,-13158
1,16136,-3660,-40,1266,1625,-10638
1,5860,-6944,-7080,-32768,32767,19048
1,1324,-22012,8268,-6880,-3187,15137
1,4164,-15832,-4152,24043,-32768,-22394
1,17048,-9412,-4984,17016,2111,-16329
1,14840,-4624,2100,8036,-1618,-11172
1,7056,-7460,-5564,-32768,32767,26057
1,-5292,-20268,2284,6791,-32768,-11595
1,13516,-11980,-11676,25188,-32768,-19731
1,12120,-9040,-1976,15657,-1332,-18695
1,16732,-4200,-232,3456,5705,-12944
1,13996,-5316,-12088,-32768,32767,19627
1,-3408,-29008,2276,-6600,-15602,5465
1,8600,-12268,-9948,31255,-32768,-22088
1,13108,-7960,-2528,20161,-2447,-11556
1,16100,-5880,132,6006,81,-13030
1,18304,-3156,-11240,-32768,32767,15511
1,636,-17812,20712,-26536,14237,13730
1,4380,-14836,-7192,22951,-32768,-13852
1,16056,-8844,-7744,26500,-11973,-12196
1,18512,-4224,-3552,-1950,6730,-13981
1,5792,-13264,-3944,-32768,32767,10193
1,1624,-15360,5196,8064,-32768,860
1,14816,-11960,-9340,31904,-32768,-10059
1,11944,-7920,-1660,21535,-17277,-13564
1,23600,-3204,-13968,-32768,32767,11323
1,2052,-18144,12888,-27508,23685,14767
1,8280,-15664,-4604,25020,-32768,-13217
1,13380,-6684,-2292,18881,-879,-20255
1,15520,-6172,-4676,-32768,32767,10022
1,4788,-19288,380,6380,-32768,4026
1,13468,-11140,-7856,29054,-28780,-18387
1,16424,-3428,-4148,-4522,8032,-12855
1,8140,-11012,3212,-32768,32767,22941
1,4944,-14892,-1400,18592,-32768,-4140
1,14016,-12280,-4428,22712,-17159,-11375
1,11108,-8128,564,15883,-15130,-15820
1,24616,-1572,-6228,-13106,16190,-9863
1,9408,-8304,-1992,-32768,32767,19974
1,1900,-21896,-956,6609,-32472,3689
1,9984,-9816,-7704,32767,-32768,-25277
1,19120,-1880,-2708,-4485,12866,-13710
1,9872,-11796,-5576,-32768,32767,16247
1,-2720,-18676,4648,10488,-32768,548
1,16296,-10480,-10212,32767,-32768,-17197
1,11068,-6228,2432,12656,354,-12659
1,16580,-4064,-9340,-32768,32767,21610
1,-68,-20984,5412,-32768,30147,29978
1,2116,-16932,-6048,14987,-32768,-18481
1,9536,-11140,-7120,27633,-24102,-26533
1,13020,-7204,1708,-295,7688,-20438
1,6144,-9380,-6108,-32768,32767,14718
1,-1392,-22472,4476,-1120,-29857,5964
1,9476,-13764,-7676,27189,-32768,-20626
1,12872,-10320,-3564,19530,-3548,-17642
1,16756,-5984,-1516,-266,2603,-9353
1,13860,-10720,-17356,-32768,32767,25652
1,-8720,-25952,16884,-3258,-13030,8120
1,9840,-13376,-6344,25581,-32768,-19061
1,11720,-9404,-76,17737,-15877,-10774
1,17412,-5268,-4520,1977,-4406,-11593
1,6652,-13748,-1284,-32768,32767,5869
1,3284,-14160,7752,9670,-32768,320
1,18664,-8632,-9676,30114,-26282,-9748
1,16748,-2552,252,4438,-6049,-4623
1,8924,-12164,-4424,-32768,32767,15452
1,4244,-17700,6384,10111,-32768,-5425
1,15880,-7744,-9580,32767,-32768,-18451
1,14960,-2696,1436,20413,-13809,-16707
1,19464,-2448,-7696,-32768,32767,14929
1,3488,-15884,16952,-22373,28681,14165
1,8292,-13984,-2680,32767,-32768,-10588
1,13816,-5296,1076,26115,-18077,-11811
1,17604,-6948,-9532,-32768,32767,4475
1,6604,-13336,15968,-22957,3717,17929
1,7368,-15180,-4108,30957,-32768,-16033
1,13704,-5504,128,18919,-4783,-21510
1,16848,-2780,-6808,-32768,32767,18159
1,8224,-21176,8112,-24904,1397,21324
1,6932,-14908,-5364,32696,-32768,-22285
1,14844,-4072,-3328,23106,-6293,-24489
1,17212,-3364,-7860,-32768,32767,14469
1,7284,-21048,9140,-9059,-12257,16902
1,8440,-12464,-5716,32767,-32768,-24468
1,20684,-276,-2640,-1637,11768,-5055
1,12080,-10056,3380,-32768,32767,18785
1,7208,-15052,-588,17800,-32768,-7904
1,15852,-5920,-4992,32212,-19039,-17101
1,19660,-2236,-6232,-32768,28625,6248
1,11416,-16612,6300,-32768,15300,24587
1,5784,-15324,-3988,31117,-32768,-16159
1,16268,-4100,-4512,29823,-11678,-28152
1,23764,2320,-3060,-25350,13349,-1532
1,9880,-8524,308,-32768,32767,20488
1,964,-19068,1088,18905,-32768,-2404
1,16516,-9164,-2892,32767,-26447,-15191
1,18412,-2528,-2584,5297,-8147,-16633
1,10808,-7364,-9996,-32768,32767,20525
1,6272,-25204,5552,-20524,-8547,18680
1,4324,-18352,-3612,23420,-32768,-23706
1,14708,-4084,-6496,32767,-13203,-32768
1,23804,3640,-1520,-21218,15460,1592
1,7384,-10376,4312,-32768,32767,21887
1,2064,-15888,1544,23303,-32768,-9464
1,14268,-7360,-9448,32767,-32768,-26619
1,21572,336,-3104,-26627,23482,-5549
1,8268,-8328,6096,-32768,32767,14685
1,1284,-19616,-520,12196,-32768,-378
1,14368,-7372,-9364,32767,-32768,-29371
1,21912,2948,-184,-20829,13494,-6265
1,8368,-10704,2340,-32768,32767,17469
1,-664,-15996,-1404,22084,-32768,-9495
1,15864,-8108,-12324,32767,-29564,-25606
1,21812,1820,-864,-9019,3894,-12091
1,9576,-8872,-368,-32768,32767,14062
1,8272,-14820,4948,2605,-29061,3122
1,10452,-10600,-6044,32767,-32768,-19161
1,21564,532,-4532,11308,6366,-12197
1,13020,-6324,-5968,-32768,32767,15498
1,4976,-16544,8528,-6047,-21228,9043
1,9232,-13264,-7212,30685,-32768,-19240
1,17340,-4148,-5408,24428,-2225,-20385
1,21336,-40,-7092,-32768,32767,-3097
1,3280,-13724,21156,-32768,32767,16616
1,5724,-18036,-2948,9974,-32768,-9982
1,12016,-10032,-8936,32767,-32768,-23878
1,18372,-484,-860,8724,1496,-16946
1,2080,-8680,-6276,-32768,32767,21974
1,-1792,-17208,2544,16491,-32768,-2288
1,12844,-11316,-9376,28123,-32768,-17517
1,13956,-5972,-1972,25023,-4363,-19647
1,17212,-1092,868,1002,4355,-12607
1,13392,-8140,-11168,-32768,32767,10453
1,-48,-14960,15600,1810,-31042,8763
1,13224,-9952,-5604,32767,-32768,-19644
1,17004,128,1680,23466,-14360,-9196
1,21068,1296,-2912,-27007,15255,12553
1,7756,-11952,3748,-32768,32767,17079
1,-944,-19680,5564,4701,-32768,-3776
1,14508,-7276,-15064,32767,-32768,-26615
1,21084,-180,-5968,-490,6497,2119
1,9884,-10024,-11500,-32768,32767,17368
1,7824,-22948,-984,-6270,-4567,18104
1,1548,-23200,-2204,16417,-32768,-17326
1,14120,-6732,-10872,32767,-32768,-32768
1,19012,256,-3396,-23633,17484,641
1,4740,-11484,2904,-32768,32767,27933
1,5640,-16904,5624,-3068,-29565,3469
1,5828,-14028,-5504,22315,-32768,-23551
1,15288,-7528,-8760,21889,-10213,-20396
1,17832,-5088,-19068,-32768,32767,13173
1,-492,-22780,15820,-20660,31123,18725
1,2716,-17880,-1744,15564,-32768,-18851
1,12040,-7160,-11676,32767,-32768,-29926
1,13064,-3704,2248,16601,-8460,-8966
1,17996,-5668,-8760,-32768,32767,16318
1,9392,-11724,4368,-21213,19803,15202
1,4204,-19436,-1584,15296,-32768,-2955
1,7476,-11856,-10880,32767,-32768,-19594
1,16392,-6116,-3408,-3943,-148,1601
1,12440,-12844,-16184,-32768,32767,-7608
1,5420,-9700,17124,-8714,20598,1708
1,11280,-16772,-13136,32767,-32768,6386
1,22752,-2108,-10812,-6047,4713,-4651
1,11380,-12320,1520,-32768,32767,-19399
1,14592,-5900,3408,12062,-21368,6255
1,11576,-13452,-7308,32767,-32768,12515
1,22932,2164,-7712,-6327,-2170,1433
1,2276,-10252,-2168,-32768,32767,29157
1,7384,-27928,-11628,-10537,-25067,-2583
1,6564,-14280,-6576,24326,-10294,-28636
1,13560,-7272,-7704,30776,-13165,-32001
1,19632,-1352,-1860,8026,-4265,-7670
1,12844,-5880,-5076,-32768,32767,21963
1,8556,-13232,7556,-25527,10109,28370
1,5996,-17784,-1264,10929,-32768,-10208
1,10804,-8876,-9312,32399,-28774,-32768
1,21504,-2180,-4200,-18339,18292,1817
1,16364,-8060,1364,-27867,22503,10824
1,10856,-11660,-1016,8998,-26538,-88
1,11172,-11132,-4728,25703,-22487,-12920
1,23948,-2004,-9140,-12814,12876,-3019
1,8964,-11796,-924,-32768,32767,13314
1,5636,-15324,4120,4759,-30752,-6839
1,14564,-8856,-12280,32767,-32768,-19376
1,18852,-1584,-3440,9822,1190,-13497
1,9120,-6396,-7592,-32768,32767,29089
1,5136,-16324,8724,-21813,7908,15713
1,6012,-17868,-3144,14378,-32768,-16324
1,12620,-8700,-6628,24291,-14830,-28679
1,17416,-2536,228,8809,7816,-12337
1,10272,-10124,-3076,-32768,32767,23008
1,3696,-16964,8828,-12103,-11915,6019
1,7472,-16288,-5848,20553,-32768,-16105
1,12868,-7572,-4652,25290,-9709,-25798
1,18280,-2476,-4204,-30053,28199,13916
1,3788,-20032,7384,-26009,32767,12689
1,4748,-15912,680,21887,-32768,-13012
1,17032,-6072,-9104,32663,-11188,-24662
1,22592,664,-2952,-22795,18343,10105
1,9688,-13512,-648,-32768,32767,19474
1,-360,-20988,8424,2390,-27756,340
1,10560,-10512,-8408,32767,-32768,-28967
1,21184,796,352,5510,4618,-11354
1,12900,-7144,-1728,-32768,32767,25660
1,2620,-14952,11220,-13513,9705,11937
1,2832,-17348,-972,21648,-32768,-18590
1,16388,-7532,-6216,22271,-3995,-28504
1,20608,-304,-1364,-22361,15652,5157
1,6112,-12456,1656,-32768,32767,18812
1,1428,-19952,7116,-6297,-25395,2312
1,10972,-12228,-6480,28211,-32768,-23150
1,13188,-6972,-52,18393,-6211,-19286
1,19400,-2872,-2144,-6110,5423,1603
1,5148,-11720,2004,-32768,32767,18881
1,1860,-20088,6524,-7587,-24480,4871
1,7792,-12736,-7568,32087,-32768,-25840
1,14156,-6092,-2312,21835,-6996,-27757
1,23116,404,-4152,-31260,25412,9608
1,4744,-11084,3908,-32768,32767,20064
1,2716,-22316,-2680,-1846,-14338,6450
1,4640,-16700,2268,23487,-30809,-21314
1,13628,-5376,-108,24579,-32768,-15154
1,19916,-5116,-4612,-7191,3870,12305
1,-2784,-14256,2696,-31318,32767,7697
1,2344,-17744,7332,-2372,-32768,-1317
1,12628,-11624,-172,6020,1983,-6278
1,6868,-14340,7800,3267,-2144,-6514
1,11920,-12004,4148,10903,-3936,-9087
1,13480,-9156,4940,13763,-3350,-15017
1,12388,-3312,8480,13944,1075,-17859
1,17096,1516,8388,-1189,5666,377
1,13176,-1540,10684,-5388,3533,5313
1,13840,-4420,7656,-3366,7773,-128
1,11852,-4288,10816,-65,5547,-1445
1,11600,-1884,12728,-1068,2891,-1709
1,10888,-3108,11800,-2288,4580,60
1,10188,-3476,12796,-2755,3294,-1207
1,13652,728,13192,-6169,1701,7642
1,8552,-7344,13604,-6333,3803,6124
1,8252,-8760,11032,311,3859,-8900
1,10340,-6184,11712,-1399,954,-4553
1,10288,-6480,12044,-2018,2270,-1670
1,7884,-6444,12400,1845,-1931,3095
1,8352,-8160,14300,2421,-3441,-499
1,9028,-9632,10028,-4659,-2593,-948
1,8468,-8332,13488,-982,2341,2110
1,13260,-5880,7368,148,2112,700
1,8052,-8748,12132,-1855,-8152,7006
1,8568,-8964,10604,9699,-32768,5084
1,12888,-7708,3528,17637,-26311,-864
1,10800,-10600,624,-32768,32767,16029
1,2124,-20316,8676,-10815,1764,8831
1,5404,-16200,-3096,17669,-32768,-23188
1,13848,-6012,3956,30644,-6833,-25837
1,25036,-1204,-4664,-18317,5227,12439
1,2492,-13612,6412,-32768,32767,13027
1,1484,-19900,-1800,5152,-32768,-5329
1,15292,-8548,-4000,28947,-19394,-21935
1,16692,-3472,3224,14884,-8871,-18558
1,16740,-4780,-4300,-32768,32767,23591
1,2668,-22580,4272,-32451,15594,16147
1,1880,-16928,880,20162,-32768,-13219
1,16584,-6896,-5132,16791,-7611,-20133
1,17260,-3436,4132,5753,3831,-7756
1,12036,-5208,-1908,-32768,32767,22281
1,6464,-22424,5288,-10881,-2153,13773
1,2364,-16640,-288,23034,-32768,-14756
1,16224,-6628,-7204,26660,-5937,-26665
1,19032,176,3800,7398,-174,-7308
1,14516,-5888,-5496,-32768,31540,25694
1,7180,-20300,9976,-16268,11339,7166
1,6752,-12792,-1176,28783,-32768,-20794
1,18092,-2744,-528,27623,2931,-24215
1,19392,176,2240,-22039,9403,16884
1,12780,-4020,-2172,-32768,32767,21202
1,4680,-19264,1220,1986,-4812,7732
1,6636,-9348,-6204,29570,-32768,-27313
1,16512,-5580,-480,25594,1935,-18413
1,21316,-2076,-1288,-22607,10213,12013
1,6892,-9940,3460,-32768,32767,17791
1,3912,-16416,1880,8653,-21922,-4941
1,10664,-12880,-6776,27855,-32768,-22633
1,14756,-5268,-2912,23604,3882,-26118
1,20764,-1264,-1944,-32768,22789,21140
1,5596,-10980,-1640,-32768,32767,22402
1,1704,-16644,3300,20165,-32768,-14479
1,13512,-5812,-13444,32767,-32768,-32768
1,16184,-3616,192,6607,5893,-11980
1,12288,-4048,-6128,-32768,32767,23480
1,5520,-27776,7928,-12702,5562,20512
1,-356,-17440,-3592,29705,-32768,-25040
1,17496,-7040,-13136,22868,-4448,-21909
1,20156,-1892,-384,-11360,11641,247
1,8656,-7496,-220,-32768,32767,16841
1,-1740,-19356,7672,2323,-15636,1144
1,12036,-9464,-10588,32767,-32768,-26446
1,15548,-3384,144,21604,1856,-12715
1,17220,-4224,-6556,-32768,32767,21538
1,3392,-17500,3852,-32768,32767,22670
1,-296,-17676,2268,18361,-32768,-16177
1,23732,-816,-6252,20063,-20137,-24755
1,19176,-296,4344,-2894,11106,-10031
1,8004,-5740,-4716,-32768,32767,24828
1,1616,-21716,4304,-9484,-22894,11135
1,5728,-15872,-7216,31987,-32768,-24689
1,15736,-6964,-2480,24840,-258,-31030
1,23200,2040,-68,-13520,14141,-4077
1,11524,-5340,-2432,-32768,32767,22203
1,3104,-21932,10172,-15466,-18527,15326
1,4736,-14864,-7840,29072,-32768,-21206
1,14216,-10576,176,28125,-1888,-25631
1,28152,1436,-4704,-9561,6459,3289
1,9636,-9392,-3384,-32768,32767,16050
1,1456,-21016,13672,-11793,-15613,9323
1,6768,-12868,-4876,26070,-32768,-22115
1,14612,-7436,1268,19731,-10552,-8108
1,21260,-3852,-5864,-18308,24100,2828
1,2232,-12972,8212,-24711,32767,9875
1,4564,-16764,6548,3766,-32768,-2314
1,12288,-9728,-6412,32767,-32768,-18570
1,20760,-2384,-5132,11014,-4318,-3692
1,14268,-6636,-10536,-32768,32767,22927
1,492,-32292,12116,-23445,11526,18378
1,860,-21384,-1576,12835,-32768,-15807
1,16628,-6128,-5984,18213,-28165,-20394
1,16852,-6504,48,-4959,18879,-9098
1,11152,-2612,-2124,-32768,32767,25484
1,2168,-22140,-1928,-1367,-2488,12894
1,-144,-14612,-6520,28160,-32768,-27825
1,17900,-8056,-8348,16105,-10834,-18071
1,17236,-5152,-376,-16243,26758,-4765
1,9000,-4828,4080,-32768,32767,17587
1,2004,-17820,5276,2500,-32768,4502
1,8016,-9124,-11760,32524,-32768,-25816
1,17916,-5424,-2892,8644,8492,-9224
1,16632,-5788,-7572,-32768,32176,15355
1,5640,-22912,6800,-26420,17106,20879
1,-1536,-23324,-3192,10661,-32768,-5249
1,10804,-7080,-9768,29677,-32768,-30744
1,18316,-6288,-8112,-12674,28326,-1698
1,5128,-3936,624,-32768,32767,18809
1,-2372,-21736,-1064,10702,-30814,-3347
1,10828,-10800,-9516,32767,-32768,-26300
1,14368,-6312,332,15396,7500,-19382
1,17704,-4080,-420,-23593,15121,8531
1,9476,-9328,-2712,-32768,32767,17994
1,-3072,-18680,8448,-1619,-32768,12318
1,7512,-10276,-14924,32767,-32768,-28192
1,15664,-4228,320,10460,6012,-18819
1,16560,-5868,-1668,-32768,28362,8131
1,5728,-6696,948,-32768,32767,18279
1,2416,-19932,4212,3582,-32350,8965
1,6712,-9664,-11664,32767,-32768,-27731
1,14912,-7056,-1196,9565,3269,-18113
1,17484,-4708,-948,-6837,5225,-5522
1,5832,-6820,-8232,-32768,32767,13954
1,4328,-21124,5408,-4768,-22261,16061
1,5940,-12172,-12196,32767,-32768,-27437
1,18036,-5728,-3828,24035,8042,-22383
1,19052,-3160,588,-21016,14061,9066
1,3784,-16,20,-32768,32767,22907
1,-3828,-21636,4704,17016,-32768,-1307
1,8804,-8928,-13136,32767,-32768,-26132
1,15172,-6240,-1132,11925,5750,-17495
1,17484,-5508,-1472,-21918,23811,148
1,4796,-7368,1412,-32768,32767,17478
1,1712,-19480,4784,5622,-27083,1624
1,12980,-8104,-10608,32767,-32768,-22520
1,15144,-5936,-1168,11166,-1929,-13742
1,17872,-4820,-2092,-19876,18480,2969
1,7028,-7632,3716,-32768,32767,17888
1,660,-19384,1932,1098,-32768,3920
1,11176,-9360,-12828,32767,-32768,-25261
1,14680,-6048,-3176,8732,207,-11513
1,16900,-5756,-3552,-15870,15027,-2280
1,6156,-7624,-1832,-32768,32767,20507
1,-384,-20260,2024,-6795,-24075,8384
1,13768,-13408,-3480,8559,-24041,-3008
1,8456,-15016,656,4620,-4393,-6672
1,11668,-10604,-1216,7416,-13347,-9141
1,12400,-11844,296,-1038,4833,-788
1,11772,-11784,-128,-2683,-671,1047
1,11936,-11788,-292,-618,-6,-329
1,11924,-11644,580,-223,477,-282
1,12028,-11484,200,833,757,-1094
1,11808,-11968,272,-279,1233,-132
1,12164,-11536,-28,139,484,64
1,12004,-11760,0,192,587,-868
1,12112,-11432,480,1166,34,-90
1,12116,-11992,200,1799,-193,-1624
1,11552,-11236,596,3303,-105,-1011
1,12316,-11504,544,3850,941,-4232
1,12736,-10512,988,4817,1306,-2021
1,14476,-12420,-4652,11055,6724,3260
1,9096,-2280,5404,27840,-3858,-3678
1,14256,-2636,14396,14328,28,-2350
1,13612,-2512,16120,535,12143,-2257
1,11528,-5208,9764,-6317,91,-4732
1,13544,-2968,11948,-2444,1794,-166
1,11284,-4296,10104,-4862,837,-489
1,12248,-6300,9696,-6304,2160,1634
1,11112,-6416,9312,-113,578,293
1,11664,-5852,9532,41,903,60
1,11868,-6892,9032,-679,203,646
1,11920,-7076,9476,-164,986,656
1,11540,-7360,9264,186,254,-371
1,11516,-6848,10476,-356,140,472
1,11700,-6748,10064,-359,573,226
1,11404,-6540,10120,90,440,166
1,11304,-6404,9760,-125,281,-577
1,11296,-7324,9988,846,557,-201
1,11112,-7512,10172,-423,-630,486
1,11740,-8248,9772,117,96,157
1,11336,-7108,10252,-522,30,-46
1,11264,-7360,10128,-406,-145,5
1,11444,-6880,10176,-342,-241,269
1,11492,-7204,10116,-383,81,303
1,11364,-7124,9980,-420,210,117
1,11156,-7256,9940,-394,260,19
1,11592,-6988,9904,-275,256,188
1,11236,-7120,10056,-509,315,375
1,11292,-6984,10096,-172,41,171
1,11232,-7224,10248,-405,396,-104
1,11048,-7520,9792,-361,603,1787
1,11120,-7796,9572,-227,228,-113
1,11076,-7324,10340,-384,235,349
1,11212,-7648,9824,-139,-270,-136
1,11108,-7704,9940,-228,315,464
1,11052,-7828,9844,-414,324,328
1,10856,-7700,10060,-328,310,116
1,10984,-7820,9484,-301,256,385
1,11012,-7920,9732,-266,273,123
1,10808,-7872,9952,-278,267,-21
1,10876,-7888,9832,-291,262,14
1,10836,-7924,9932,-306,164,177
1,10756,-7984,9804,-212,148,-98
1,10984,-7560,10564,-460,-164,155
1,10580,-8100,9704,-300,121,-72
1,10772,-8028,9976,-261,258,1
1,10820,-8148,9900,-232,231,-50
1,10524,-8220,10004,-240,233,141
1,10768,-8268,9720,-274,186,3
1,10700,-8168,9912,-219,307,35
1,10656,-8304,10000,-288,332,110
1,10524,-8540,9908,-276,236,17
1,10664,-8352,9836,-358,168,93
1,10736,-8392,9752,-297,155,16
1,10512,-8652,9948,-283,189,95
1,10532,-8472,9888,-282,252,179
1,10368,-8648,9664,-160,593,641
1,10396,-8508,9816,-249,353,156
1,10840,-8396,10028,-383,-71,611
1,10600,-8396,9452,-167,-2,45
1,10448,-8864,9860,-154,168,-192
1,10392,-8776,9904,-129,239,-280
1,10200,-10028,10152,-355,1117,202
1,10388,-9228,9588,602,473,-917
1,10964,-8124,10872,361,-387,-920
1,10236,-7460,10660,1645,-279,-464
1,10416,-6568,10584,986,-154,-591
1,10588,-7928,10576,-1946,216,682
1,10836,-7652,10092,152,799,-465
1,10504,-7812,9816,90,232,-317
1,10404,-8344,10832,-58,1621,538
1,10624,-7744,9608,-764,-1948,1929
1,10520,-9052,10188,-890,-412,1604
1,10276,-8712,10040,-72,775,-168
1,9956,-8896,11676,-391,-1294,2256
1,11144,-9608,10012,-934,-11277,1871
1,11072,-7736,6684,1425,-331,-3824
1,12520,-7160,9064,67,4150,-5320
1,11008,-7780,9528,-2489,-480,-1359
1,11260,-8488,8764,-2152,1774,-2115
1,12120,-8028,8592,389,2067,830
1,11104,-7620,10016,-112,1368,394
1,11520,-8240,10552,-313,-629,565
1,11504,-8184,9904,20,-755,812
1,11644,-8864,9172,-1506,-1271,241
1,11560,-8440,8796,-859,686,-1112
1,11644,-8140,9252,-785,2021,-128
1,11184,-7736,10740,-792,612,-1761
1,11468,-7824,8512,-778,253,-2040
1,11544,-6852,9124,2492,3321,-1499
1,11372,-7280,12252,1465,888,2975
1,10840,-7852,10588,3265,-2638,2726
1,11444,-6076,9356,-816,2171,1609
1,9984,-7596,11636,401,-1527,-694
1,13016,-6460,11276,-917,-6653,-3406
1,11880,-7448,9116,-6270,-1057,1419
1,9956,-8560,9284,-4248,7628,-2753
1,14100,-7664,8904,-1835,1182,-4581
1,11928,-7452,9060,-582,-720,349
1,12236,-8100,8896,-816,1030,-224
1,11840,-6656,9896,616,1139,-1173
1,12284,-6820,10160,-709,531,-396
1,11876,-6860,9736,678,1250,158
1,12120,-7752,8864,-387,848,-1017
1,11640,-6884,10580,-37,317,-164
1,12120,-7400,8316,-318,1303,-942
1,11480,-6984,10724,68,8,-59
1,11800,-6424,10056,81,216,-428
1,11520,-6844,10440,-557,-1719,172
1,12240,-6996,8932,-663,-1669,-1362
1,12084,-5728,10048,-293,-21,-1061
1,12708,-5416,8916,-55,395,-1472
1,12232,-6472,10116,-823,153,815
1,12316,-5620,9292,-311,388,-169
1,12212,-6912,9628,-482,-117,-256
1,12564,-5384,9520,-150,494,240
1,12504,-6348,9532,-754,-924,769
1,13032,-3260,11308,-2071,-5150,6797
1,10912,-12240,8228,-12311,64,7417
1,8880,-9748,6356,186,7628,-10469
1,14704,-10152,4728,163,-909,-3679
1,13392,-8128,5940,1858,199,-21
1,13312,-8040,6548,382,539,-692
1,13644,-7032,7904,1001,-688,864
1,14808,-8748,6112,-433,-9906,1972
1,16084,-8296,5200,4733,-3845,-4513
1,13920,-4412,2192,18181,-21069,-14537
1,16516,-2400,1888,15494,-5938,-6950
1,16292,-2792,1184,7220,2507,1857
1,14460,-1108,2476,1173,2837,2751
1,15796,-1608,1780,-1533,26,6947
1,15228,-3804,1804,-3335,3055,-418
1,14996,-4136,2552,-3878,1528,5095
1,17068,-5056,1692,-10403,17747,-5058
1,15680,-2968,6028,-10754,6451,308
1,13112,-6160,7632,-5437,8132,-3036
1,14376,-4660,6820,4978,-8826,-1774
1,17940,-3408,1072,8987,-17226,994
1,16232,-3848,2132,-2671,1640,87
1,15492,-4724,2760,-5325,5327,1886
1,14664,-4724,4496,-4065,6246,-128
1,16148,-4424,3240,156,-544,87
1,15644,-5096,4212,-1526,1747,-568
1,15920,-4512,3552,-658,1034,725
1,15132,-5096,4544,-594,1514,-825
1,15268,-4668,4060,136,1030,253
1,15472,-5280,4792,929,-157,-476
1,15472,-4032,4644,245,1199,153
1,15416,-4568,5812,-21,-1386,-308
1,15136,-4668,4384,-2123,2286,173
1,15704,-5260,4688,353,-653,-886
1,15268,-4308,4700,-462,901,-204
1,15764,-4916,4672,-36,-74,-295
1,15260,-4416,4932,-385,490,-240
1,15596,-4948,4532,-361,752,357
2,12588,-2632,12252,768,-6586,-1765
2,14076,-3752,8640,-1839,-3455,2361
2,13920,-3672,8888,-76,1565,646
2,12896,-3404,10172,268,3690,108
2,14196,-2760,9300,41,-1394,262
2,13192,-3852,8432,-1107,3216,-985
2,9388,-5016,12676,-532,57,8
2,9336,-5224,13008,-42,34,-182
2,9420,-5152,12832,-312,41,-14
2,9152,-4744,13780,-756,-1794,1402
2,9816,-6156,12128,-1646,-2094,682
2,9508,-5400,13292,182,2398,-886
2,9672,-5696,12224,513,816,-3497
2,9204,-5268,13232,-107,2175,-1532
2,9336,-5236,13188,-1018,1713,-2448
2,8820,-2956,13180,-2082,-837,7604
2,9276,-6824,11072,-1400,-2455,8576
2,7168,-8232,11968,-337,997,982
2,9728,-7352,11980,-373,346,-465
2,-1,-1,-1,-1,-1,-1
2,-1,-1,-1,-1,-1,-1
2,8556,-8704,12820,-1837,4751,3030
2,8760,-7608,10960,973,3202,-1227
2,7176,-8480,13384,-322,4220,-421
2,8348,-8024,11724,-793,141,-94
2,6828,-7116,10324,-54,339,-150
2,7392,-7476,10176,-326,-1884,132
2,8716,-8272,12244,416,257,-401
2,8780,-12144,13452,415,992,-2146
2,7436,-7764,12828,-515,-1659,682
2,9208,-7888,10752,555,2212,246
2,7472,-7452,13064,338,2627,1496
2,7152,-7464,12852,-18,-123,476
2,8504,-7376,12024,-262,-2176,-132
2,8436,-5968,12728,-1486,743,853
2,6404,-5872,15540,-1891,-9202,-1281
2,9612,-8932,10092,-245,-2371,2699
2,8328,-8764,11584,1791,595,1017
2,7876,-8868,10360,-115,2347,-3413
2,9416,-4792,13944,-1180,2238,-3700
2,8672,-8052,11200,702,-6398,9860
2,7868,-9284,12544,1246,2612,-1846
2,9260,-2612,11948,-329,4636,-8913
2,8592,-7876,11364,3783,-7442,6799
2,11584,-7912,17444,-537,1318,-6500
2,10656,-3260,12236,-1670,1697,1524
2,8884,-8732,10448,3487,-3204,7996
2,8792,-10396,11876,-919,1362,-13136
2,12960,-4192,12640,-3629,-4262,8389
2,8164,-9300,9380,843,-695,3161
2,10188,-8044,10560,-2476,1355,-12401
2,11352,-9916,8048,3376,-610,9943
2,7376,-8308,13960,358,2305,-7784
2,8020,-7196,11720,-7596,4504,-3490
2,10824,-7892,10700,1265,-2113,2436
2,9288,-7148,11928,-303,289,812
2,10080,-7860,9888,-1892,-611,-1417
2,9752,-8176,10888,-401,150,121
2,9964,-7840,11052,-329,163,117
2,9852,-7836,11268,-208,166,-276
2,9948,-7172,10792,-248,193,-257
2,10476,-8012,9888,2942,1871,-2148
2,9264,-6488,10504,-1073,219,28
2,10108,-6508,10964,1334,1259,-639
2,10752,-7344,10556,-1492,-776,1055
2,10220,-7612,10836,-403,92,246
2,10124,-7720,10500,-620,-212,376
2,10244,-7692,10912,-330,300,-120
2,10344,-7376,10800,-257,-118,-110
2,10576,-7528,10564,-163,204,-81
2,10764,-7760,10424,-318,-181,-50
2,10672,-7860,10368,111,726,-101
2,10680,-8108,11196,573,66,-674
2,10156,-7528,10932,-159,766,130
2,10120,-7824,10780,-496,128,124
2,10344,-7568,10608,-188,148,-2
2,10352,-7816,10556,-254,-194,-187
2,9852,-7232,10404,-338,875,258
2,10244,-7916,10588,-1776,-166,1223
2,10444,-7988,10624,-890,339,405
2,10092,-8104,10564,-306,277,17
2,10296,-8176,10340,-214,31,-165
2,10152,-8120,10676,-1106,-148,497
2,10020,-8488,10432,-909,3,508
2,10000,-8408,10420,-209,321,34
2,9884,-8292,10244,-358,272,51
2,10160,-8412,10496,-673,66,330
2,9948,-8680,10076,-102,187,23
2,10028,-8828,10040,-324,87,-182
2,9808,-8952,10092,-563,109,222
2,9772,-8884,10140,-291,383,79
2,9740,-8936,9960,-697,499,548
2,9532,-9368,10164,-505,431,174
2,9436,-9236,9960,-504,605,627
2,9588,-9208,10276,-133,54,-320
2,9576,-9244,10468,-43,122,-91
2,9752,-9044,10168,-69,63,-434
2,10200,-8932,10052,-106,123,-179
2,9672,-9012,10064,-406,423,58
2,9552,-9220,9888,-837,270,619
2,9948,-9208,10084,-298,420,153
2,9592,-9252,10068,-80,248,-164
2,9652,-9156,10036,-188,89,-229
2,9648,-9392,9956,-207,218,-105
2,9824,-6272,10992,-1499,-988,1940
2,12032,-9192,7732,424,2302,-4453
2,11160,-8848,11800,2443,-5972,3111
2,5432,-7152,13276,1486,-1392,842
2,9952,-9632,10212,-25,-1170,-435
2,9232,-7552,11528,-970,1295,1628
2,8940,-8344,11284,-11,448,-64
2,8616,-7512,12268,-5299,-439,1099
2,9864,-5760,13832,2927,2389,-1794
2,10368,-10024,8980,223,554,-1218
2,9832,-8920,9116,2915,-720,321
2,9100,-7380,12124,401,1359,-1011
2,9772,-7184,11340,-45,-612,-1110
2,10076,-7228,10516,-848,777,253
2,9876,-8072,11368,-801,-191,-262
2,9888,-7524,11460,-488,569,542
2,10044,-7848,11068,46,-530,-675
2,9816,-7892,10996,-889,-327,917
2,10112,-8376,10804,-569,-386,8
2,9652,-7776,11024,-2495,-1421,3175
2,10456,-8480,9896,-115,799,-101
2,10460,-8044,9224,2837,2803,-3468
2,10640,-7964,10144,49,-574,-1126
2,10032,-7908,11036,-496,797,542
2,10008,-8128,10720,-374,573,577
2,10256,-7696,10512,-174,200,-232
2,10192,-8148,10580,-161,456,36
2,10356,-7940,10764,-384,456,202
2,10160,-7732,10296,-222,296,15
2,10180,-7760,10464,-234,82,-95
2,10060,-7804,10644,-268,93,-124
2,10188,-7940,10656,-292,-5,-74
2,9980,-7964,10532,-241,129,-84
2,9952,-7972,10412,-162,246,-121
2,10212,-8032,10932,-164,160,-88
2,10192,-7872,10580,-144,249,-15
2,10228,-7832,10620,-206,151,-113
2,10168,-8044,10836,-283,256,2
2,10008,-8000,10804,-229,324,-51
2,9996,-7936,10852,-205,231,-6
2,10016,-7980,10780,-196,140,-93
2,10048,-7956,10960,-169,227,-127
2,10068,-7972,10780,-200,193,-62
2,10016,-8008,10808,-167,164,13
2,9968,-7940,11064,-215,223,-82
2,10032,-7892,10636,-243,238,-66
2,10036,-7836,10744,-230,150,-58
2,10272,-7940,10756,-199,85,-39
2,10540,-7532,10352,-315,309,72
2,10048,-7952,10604,-155,475,49
2,10080,-7836,10608,-334,256,153
2,10220,-7816,8316,-2613,-1438,4006
2,9712,-9192,9620,-317,-443,-10
2,9960,-8888,10412,100,-240,245
2,9764,-8752,10028,-8,371,-127
2,10420,-8392,10188,-76,172,-1460
2,10288,-8416,10700,-485,237,333
2,10152,-8628,10152,-163,359,-317
2,10032,-8624,9936,1038,847,-1949
2,9848,-8232,10260,479,742,-1277
2,10104,-8468,10580,343,559,-830
2,10036,-8048,10804,-182,54,-292
2,9996,-8236,11156,88,-286,-643
2,9884,-8316,10700,594,749,-612
2,10228,-7824,10768,-94,181,-401
2,10188,-7812,11132,-1059,779,760
2,10152,-7588,10376,-400,484,133
2,10320,-7700,9876,-265,235,-216
2,10168,-8140,9796,448,-511,-1113
2,10256,-7056,11956,-17,-109,-98
2,10244,-8012,10776,-273,283,-40
2,10148,-7832,10732,-78,114,-316
2,10032,-8080,11084,-169,266,-155
2,10060,-8104,10896,-115,436,0
2,10092,-7888,10872,-271,408,42
2,10048,-7792,10804,-153,278,-26
2,10020,-7732,10776,-343,263,69
2,10208,-7324,10320,-2104,-849,1870
2,10140,-8248,10976,-1338,-598,836
2,9880,-8632,10088,-899,-251,617
2,9512,-9296,10324,-562,61,19
2,9448,-9996,10012,-664,114,267
2,9424,-10256,9660,-753,448,609
2,9832,-9960,9864,-440,169,216
2,9288,-10304,9312,-952,467,926
2,9368,-9644,10128,-886,163,562
2,9448,-10072,9556,-388,350,120
2,9680,-9880,9704,-114,587,87
2,9240,-10200,9964,-376,298,163
2,9148,-10092,9848,-152,223,-235
2,9000,-10564,9556,-401,261,156
2,8676,-10588,9528,-511,532,458
2,9196,-10624,9472,-54,112,-450
2,8036,-6344,9508,-322,1003,1890
2,9536,-12216,13096,-1983,-9071,-12610
2,9800,-9376,7408,-2448,6754,-15020
2,13340,-4148,5336,10709,1151,-16843
2,14200,2992,10048,6139,-481,-5437
2,12692,1044,11288,-3814,6577,678
2,11728,-1216,13396,-2263,-290,1434
2,12004,-3684,10040,-444,-1111,-309
2,14256,-68,9928,-4754,350,4787
2,13568,-2528,11396,-1227,1002,1648
2,13004,-2476,10080,795,-729,-1468
2,12944,-2244,9964,603,88,-847
2,12892,-2280,10020,-171,-174,-338
2,14028,1580,10072,-2781,229,360
2,15220,-1368,10200,-2185,1201,4751
2,14456,-480,10248,127,5975,6288
2,10728,-4840,8808,5572,-5761,10349
2,9196,-5420,11620,4896,1809,7616
2,11808,-5928,13280,-1000,10117,5205
2,10492,-6528,9800,-294,-3003,147
2,10868,-6288,11236,1053,3834,2572
2,10092,-6668,12248,-345,-699,916
2,10036,-6284,12096,-2280,-1115,363
2,10780,-7260,10880,-2226,-1174,-325
2,10652,-6636,10980,-1082,462,-172
2,10216,-7036,11616,-813,-63,744
2,10492,-7448,11252,-742,-518,556
2,11124,-7256,10456,375,-248,366
2,9860,-8080,11540,-425,-646,60
2,11164,-7016,10416,-361,-1862,369
2,10720,-8292,10128,-308,677,-405
2,10728,-7548,10616,155,-158,-164
2,10860,-6876,9648,-496,821,381
2,11280,-7292,10140,4363,3648,-3460
2,11044,-4476,13172,-1884,-2884,-1218
2,10068,-8924,9468,-7864,7602,-7688
2,13760,-3892,7732,-2848,2705,-13427
2,13144,-3304,7484,2355,-1638,-4242
2,12232,-2904,11636,1767,-128,-885
2,12420,-3836,9920,-128,-295,795
2,13680,-3288,9308,-3835,-239,67
2,11020,-6160,11320,2193,434,-4883
2,14096,-3264,10400,3237,-3584,-4331
2,13544,-2624,9112,-2323,1332,148
2,12472,-2284,8260,-1445,2133,-422
2,14340,-1164,12088,201,-2764,1292
2,14024,-4012,8128,-833,500,1489
2,13488,-3380,9584,-829,-372,444
2,13384,-3732,9376,-906,449,1312
2,13340,-4392,8892,-130,669,270
2,13524,-3752,9044,-389,-126,230
2,13488,-4588,9040,169,641,-238
2,13300,-3548,9224,378,451,-759
2,13392,-3760,9344,670,493,-630
2,13464,-3884,8972,1106,712,-1352
2,13536,-3336,9420,687,332,-797
2,13608,-3456,9536,-293,81,-50
2,13304,-3556,9624,-441,334,231
2,13200,-3536,9900,-389,501,245
2,13188,-3588,9476,-473,65,-155
2,13452,-3424,9476,-1239,554,565
2,13188,-4432,9140,-606,29,508
2,13156,-4244,9268,18,389,-129
2,13228,-3988,9000,1073,17,-241
2,13272,-4096,9312,-334,185,-52
2,13176,-3964,9496,153,366,-715
2,13104,-3924,9416,460,756,-585
2,13428,-3256,9008,5,579,-518
2,13352,-3880,9484,-239,333,-32
2,13368,-3064,9420,-688,456,-139
2,13260,-3624,9616,-795,100,-884
2,13160,-4300,9528,16,274,-365
2,13300,-3280,9608,12,17,3
2,13248,-3744,9444,-218,136,238
2,13264,-3528,9600,-224,221,170
2,13500,-3780,9572,-506,321,-18
2,12476,-3072,9024,-464,727,10
2,13220,-3996,8956,-284,450,260
2,13284,-3608,9828,-651,2591,-220
2,12400,-3912,12924,156,3219,-465
2,12412,-3100,9948,3337,-502,-336
2,12068,-2756,11380,1122,1226,-195
2,12116,-2176,10280,47,985,-37
2,12184,-2764,11080,-111,623,82
2,11944,-2736,10760,-100,-274,356
2,12424,-3060,10784,-414,-221,547
2,12112,-3268,11460,-38,686,64
2,12144,-3124,11136,-513,1013,-278
2,11976,-3088,11612,-907,535,-648
2,11936,-3020,11260,-591,-22,-691
2,12168,-2676,10996,-631,-110,-436
2,12616,-2684,10816,-213,2736,1122
2,11260,-3020,11660,-525,1693,-32
2,-1,-1,-1,-1,-1,-1
2,12128,-3480,10872,250,-82,391
2,11824,-3280,11356,-55,-222,-479
2,11612,-3080,11308,-32,46,-791
2,12020,-2600,11648,-124,-351,-215
2,12728,-3440,11512,-87,-973,1331
2,12200,-3064,10260,-1369,161,-27
2,12456,-3328,10472,-366,-522,-191
2,12636,-3580,10384,103,167,-57
2,12172,-3544,11084,457,-543,-268
2,13652,-3632,9200,-277,-875,-1152
2,12964,-3304,10108,-1016,215,-97
2,12948,-4524,9472,-1173,363,64
2,13880,-2800,10460,1353,-639,-5297
2,14436,-692,10984,-805,532,2140
2,15584,-2844,9272,-2058,803,6471
2,10356,-5920,12028,-2638,4374,10471
2,9072,-9860,11168,-1601,581,7743
2,8968,-9652,10380,1882,1001,4457
2,8684,-9716,10696,5783,-2140,-134
2,8984,-6176,10796,-1936,-1951,1989
2,7376,-8036,11788,1014,-1651,1001
2,8800,-7500,11024,-439,2512,-1060
2,9676,-7920,10792,1273,-3665,-2846
2,12336,-7604,8068,97,-12961,-726
2,12764,-7716,8368,672,517,533
2,12832,-6780,7240,483,-6895,1115
2,12480,-7308,8140,-1812,-4276,808
2,14440,-7416,6496,-495,-8557,1104
2,15028,-7736,2104,-3557,-8754,1144
2,14932,-9232,2708,419,7367,-410
2,13428,-7856,4772,-1171,1565,-114
2,13848,-8516,5224,1398,4272,-1430
2,13536,-7360,6368,-1498,168,-213
2,13464,-8332,5876,495,532,-519
2,13700,-7612,6540,-2169,308,750
2,13132,-8860,4948,-297,-1153,42
2,14072,-7752,5752,-1213,262,261
2,12856,-8152,5292,-329,204,-595
2,13580,-8212,6044,101,-168,-771
2,13744,-8232,4452,-773,-114,-144
2,13956,-8040,5468,-629,1218,-641
2,12980,-8504,5332,-55,-388,-425
2,14284,-7952,5740,-1017,-1896,1822
2,11780,-8696,5744,-3554,930,1377
2,13020,-9248,4436,-27,-384,665
2,9516,-13448,5792,25919,-28892,-13444
2,21856,412,300,17131,-13898,-9722
2,14816,-4384,332,-26428,4048,18459
2,13248,-9768,1608,-16690,12396,10969
2,13020,-12436,248,22051,-26033,-13407
2,20352,2856,-6916,23310,-4507,-21271
2,13592,-2792,-936,-25222,3897,20123
2,14356,-8360,-5448,-20775,18660,11507
2,13468,-10188,-3312,-2581,-3765,2792
2,10088,-11784,-4900,30272,-23010,-21621
2,23088,3072,-1800,14218,4632,-9474
2,13164,-4216,-4236,-31943,8124,24561
2,12596,-8500,-7716,-17749,14317,10432
2,14428,-10040,-4348,-2028,147,1187
2,12504,-10172,-3644,2528,-1119,-482
2,7756,-9720,-15644,32767,-25824,-32768
2,21876,6272,-4148,-681,1878,-3245
2,11264,-4552,-4952,-31572,8073,28224
2,12764,-8224,-7188,-25371,20885,15661
2,11064,-10224,-7172,-4039,7829,3021
2,10000,-12584,-6716,29842,-15515,-22364
2,20292,1260,-13012,31471,-1456,-22507
2,13416,-3160,-4488,-31836,16042,26931
2,13468,-8152,-8880,-29349,20659,16441
2,13488,-10624,-4332,-2800,-3337,2263
2,8772,-9816,-7900,32767,-16869,-27255
2,22532,1280,-3504,25698,7662,-20752
2,14608,-1864,-5200,-30070,11354,27748
2,12812,-9420,-7196,-27361,26128,16798
2,11808,-10708,-1048,-4843,2190,3151
2,12768,-10776,-4104,20204,-11154,-14954
2,15660,-480,-8032,32767,-17273,-31312
2,20580,2440,-2888,-8285,2187,9291
2,12492,-6116,-4596,-32768,29928,30550
2,9252,-11584,872,-7451,12708,7288
2,13236,-11592,-1988,5,-8102,-149
2,7828,-11124,-668,24759,-18432,-19776
2,21496,-1196,-6528,28442,-7928,-14342
2,16956,-3132,-5280,-32768,22938,20398
2,8148,-10972,2288,-20246,16159,14681
2,13148,-11588,-4052,-5203,-1389,3208
2,11700,-13192,-816,2884,-3971,-498
2,8932,-5604,-12428,32767,-32768,-32768
2,17640,1348,3408,6734,7734,-2939
2,14020,-6728,-2456,-32768,25204,29342
2,9168,-11776,-120,-14090,13559,11758
2,9004,-15212,-2416,-9490,2240,1422
2,9516,-15944,-540,14004,-12099,-10224
2,15652,-4216,-8924,32767,-32768,-32768
2,18016,-916,1316,-7070,3015,9092
2,14964,-9372,-1672,-26237,12343,20256
2,9904,-11308,-328,-12929,19191,8993
2,9180,-14564,-2728,-2931,-4866,-1820
2,8308,-8760,-13184,32767,-32177,-32768
2,20000,312,-364,13361,3778,-9512
2,14136,-3764,-3200,-29611,15430,25138
2,12104,-11704,-6176,-23833,22700,16626
2,9192,-12380,-2132,-10125,10820,6841
2,10688,-13004,-4588,-8397,4564,1622
2,7344,-16776,408,13591,-20474,-14344
2,18356,-2484,-11208,32767,-32768,-31868
2,16580,-3008,-1684,-10481,5361,11950
2,13688,-9072,-4524,-31347,24942,22921
2,9632,-13824,-1480,-18769,23718,12983
2,10120,-14752,-3108,253,-7735,-5074
2,3860,-8212,-13096,32767,-18676,-32768
2,21376,-292,2164,12171,5941,-7426
2,14192,-4780,-376,-22446,11334,21546
2,11184,-11100,-5300,-24773,27263,19934
2,6176,-13564,-2564,-13043,6923,3147
2,10016,-15712,-6272,19343,-21821,-24206
2,20692,-1800,-14872,32767,-5274,-23613
2,19312,-1628,-1504,-21764,11302,10180
2,10656,-9188,1072,-32768,30777,20988
2,12572,-12432,-1516,-14660,-4374,9826
2,8668,-14300,-5688,-3105,1088,1885
2,5012,-15380,-6596,21131,-30128,-25951
2,22108,-2048,-12488,32767,-8406,-32768
2,19580,-416,-2988,-22871,7710,14575
2,10932,-8532,-956,-32768,31202,26776
2,9864,-10764,-2208,-15916,1240,10462
2,8912,-12072,-5124,-4342,567,3891
2,8744,-18236,-6816,16984,-21903,-25193
2,16852,-1728,-15176,32767,-30109,-32768
2,20012,1088,-1632,-13787,3980,9403
2,13324,-8788,-2428,-32768,23949,30659
2,8480,-11272,-3624,-20533,911,10314
2,9132,-16300,-6032,9069,-9875,-7830
2,6852,-3948,-11812,32767,-27533,-32768
2,18088,-1108,-2256,13870,21041,-3002
2,13836,-5272,-5936,-32603,12542,24899
2,8468,-10304,-1380,-23994,20920,15638
2,9100,-14152,-6828,-4284,-1558,56
2,7632,-11924,-8212,18835,-30423,-30345
2,18280,-2384,-14668,22515,4323,-19613
2,15452,-2152,-1068,-15374,7789,11570
2,12104,-6904,-6208,-32768,20018,26032
2,9848,-12308,-6208,-9642,7462,14372
2,6584,-19492,-4820,13346,-12739,-11338
2,10028,440,-12388,32767,-32297,-32768
2,17652,-280,2524,4795,3473,-3375
2,15008,-4940,-1636,-16983,7460,18560
2,12408,-9372,-6616,-15222,4113,16039
2,8896,-9464,-4784,-18007,14598,14835
2,7676,-19316,-2956,10602,-3392,-12661
2,11888,-1536,-6732,32767,-32768,-32768
2,18924,1756,556,-976,1422,-6012
2,15720,-3456,-1228,-8365,25,9989
2,15772,-5704,-3792,-12798,5530,18964
2,12664,-9672,-4080,-22085,16855,18088
2,8404,-12652,1164,3662,-6133,-11435
2,15432,-2620,-9680,32767,-20078,-32768
2,19860,4052,2964,-74,4806,-989
2,16392,-2688,-2452,-31141,6340,30976
2,11676,-10104,-5620,-21961,8093,21124
2,8048,-13968,-5972,-13009,-799,8853
2,6536,-16496,-6336,7709,-14364,-13930
2,10504,-5048,-10988,32767,-25825,-32768
2,17752,888,1800,18356,1156,-9437
2,16752,-3740,-5884,-29409,13321,28326
2,7992,-11708,-5892,-31341,32410,23887
2,8000,-15248,-3480,-7339,-1718,-524
2,4472,-11848,-11236,29162,-20760,-32768
2,19128,-2780,-3000,32767,4142,-22957
2,17332,-1772,-1164,-13843,3636,19072
2,11664,-9116,-4984,-32768,25659,30755
2,6400,-12980,-4104,-21747,6156,13431
2,7952,-17752,-7168,4245,-3508,-8098
2,2048,-5312,-12088,32767,-28042,-32768
2,20432,296,-8012,32767,10912,-31220
2,16912,-1672,-4772,-28273,14145,32767
2,10244,-12576,-5724,-32768,31507,27932
2,8932,-17052,-7056,-13701,-2152,5941
2,7588,-20028,-10508,18231,-21189,-28926
2,13616,-2524,-10212,32767,-21991,-32768
2,22236,2504,-7244,-16948,5464,15995
2,11928,-5632,-6140,-32768,14849,32767
2,7992,-12868,-4504,-21928,21147,10194
2,9560,-11364,-12624,26513,-21823,-32768
2,17216,476,-11708,32767,-6522,-32768
2,18940,804,-6140,-18650,11530,28579
2,10168,-8056,-6156,-32768,17337,32767
2,9144,-10880,-7116,-19227,11586,12718
2,10992,-10940,-11036,-2464,1349,2504
2,6944,-19412,-7496,21225,-22442,-23725
2,15996,-2836,-15580,32767,-32768,-27344
2,16720,-4136,-4928,-14590,8468,11422
2,11024,-8448,-8544,-32768,27310,29445
2,6988,-11400,-5940,-26699,17838,10263
2,10752,-12076,-11252,-1985,-10969,-586
2,-1056,-15584,-22864,32767,-22923,-32768
2,14648,-6944,-15596,32767,-4031,-30698
2,14688,-3956,-4524,-26976,13741,29241
2,8920,-9844,-8484,-32768,29659,26556
2,8408,-11024,-7736,-21461,-1428,4510
2,9344,-16200,-11188,6596,-7372,-8071
2,6292,2316,-19104,32767,-32768,-32768
2,19480,5404,3268,290,4012,-4097
2,12484,-6236,-4888,-30763,14236,28763
2,8716,-10012,-9532,-31907,24986,25038
2,7748,-23120,-9184,-16186,3151,5479
2,2492,-8196,-15332,32767,-25194,-32768
2,18028,-7268,720,27104,13649,-16442
2,17644,-3904,-5916,-20203,9596,18232
2,10696,-8336,-9588,-32768,26758,32131
2,5164,-16968,-7164,-23090,13126,11082
2,7896,-14436,-9576,5315,-5577,-7935
2,1620,-9868,-16532,32767,-24307,-32768
2,22652,-4648,-1264,23552,8357,-13391
2,14024,-5228,-8716,-32768,32767,29799
2,5968,-10724,-3936,-25211,20332,21386
2,9948,-11748,-9288,-3710,-2719,3303
2,5372,-16472,-7044,5785,-8738,-7922
2,4368,-4932,-11692,32767,-29382,-32768
2,17976,-1916,836,31107,15836,-17571
2,16368,-3020,-4092,-25394,12803,25749
2,8012,-11960,-7952,-32768,32767,30846
2,7496,-17868,-7660,-14686,2441,10720
2,3336,-18268,-6364,14963,-18659,-23784
2,13284,-904,-27684,32767,-32768,-32768
2,17292,4312,2264,-2657,-1799,-8896
2,14804,-5996,-2228,-24777,10465,18841
2,10720,-10024,-5584,-11918,2680,13277
2,11352,-11080,-8200,-6126,3458,6559
2,10528,-11052,-4832,-20,-1791,-217
2,14412,-9860,-7556,-295,-888,132
2,10796,-11060,-5544,-4316,6079,3830
2,11476,-10184,-7904,-3119,2183,6028
2,10168,-10140,-7536,-7348,10188,9190
2,4212,-23548,-2952,2773,-10353,-10000
2,12704,-5108,-17316,32767,-32768,-32768
2,17252,-1512,-3876,-11656,4985,579
2,12888,-6904,-9288,-32768,31273,32767
2,8804,-9864,-4548,-26718,25660,20665
2,11108,-13180,-6204,-1112,-9600,-638
2,9724,-16600,-7104,12050,-18361,-15274
2,7140,2148,-21120,32767,-32768,-32768
2,20572,7924,3012,15603,959,-12436
2,14352,-1604,-2272,-19965,10233,22922
2,14856,-7404,-7064,-15128,7903,19214
2,10928,-9776,-8508,-21494,17691,23185
2,3048,-13668,-2536,-21065,26449,15235
2,5704,-13328,-6240,17111,-21289,-23908
2,18280,-1540,-12964,32767,-26416,-32768
2,18320,-2028,456,-10884,7118,5482
2,12616,-8296,-1796,-26773,26401,24715
2,9700,-10992,-2168,-13903,2100,14132
2,6396,-14264,-6196,-5710,7365,5246
2,5076,-14796,-4276,-1029,8625,5058
2,3576,-14312,-3748,2183,-4578,-9984
2,8312,-13880,-8036,7398,-20495,-29821
2,16464,-2396,-9520,21740,-1282,-32768
2,20208,68,-960,-6017,7946,12767
2,14328,-5920,-3248,-21859,10136,32767
2,7436,-13332,-6980,-8408,10870,18820
2,6440,-13856,-6320,-4272,7410,11444
2,4552,-14184,-6420,-1869,4564,4989
2,3880,-14692,-4832,1162,6610,2617
2,-1008,-17892,-9512,6774,-24354,-26586
2,3676,1512,-17536,32767,-32414,-32768
2,21680,12956,-980,14399,-7036,-21312
2,17148,1700,-1108,-18858,11336,19775
2,16440,-4284,-2988,-16803,10908,27287
2,8028,-9748,-2820,-27819,15632,28850
2,3476,-20464,-7904,-15169,8642,7173
2,-3020,-12292,-9696,32767,-23362,-32768
2,25564,4472,-12888,23956,14566,-22338
2,14688,-3176,-3204,-32768,17100,32591
2,7072,-11356,-5112,-30757,21915,23587
2,8440,-21036,-11796,-4506,-2166,1425
2,6936,-13132,-8632,25028,-12970,-30750
2,20540,-1860,-8244,32767,2095,-28216
2,17904,-2544,-3680,-31218,22625,23948
2,8832,-11800,-1060,-22255,17755,21008
2,9436,-13392,-5468,-14491,128,8499
2,5616,-15820,-2336,23428,-18337,-24481
2,21452,-424,-9924,32767,-18873,-32768
2,19272,-1480,-4708,-32768,28361,26816
2,5900,-13000,1464,-22568,32767,24579
2,8824,-13592,-2696,-12775,-9790,2628
2,9136,-13700,-6288,1461,-10301,-4686
2,7288,-15028,-6480,19138,-30055,-32721
2,23696,940,-14208,32767,1992,-32768
2,14052,-3656,-3128,-32768,20129,26564
2,8440,-10828,-4360,-26259,16133,27676
2,7740,-14420,-8132,-9144,4848,9102
2,6328,-14768,-6984,-676,6105,4669
2,7996,-11692,-5412,124,-3425,-4776
2,10208,-13136,-5080,682,-524,-3613
2,10176,-12920,-4152,117,1195,-1468
2,10668,-12008,-6764,-1744,-2422,-618
2,9440,-13216,-4880,-339,2372,664
2,9344,-13160,-4644,21,1359,-735
2,10224,-12060,-5512,-1623,-39,287
2,10168,-12784,-6832,-1053,-167,1018
2,9040,-12332,-6396,1245,1416,607
2,8664,-13868,-5632,1157,1373,978
2,7536,-13972,-4492,-736,4956,1635
2,3204,-16972,-4600,15186,-25945,-27402
2,18640,-172,-23412,32767,-32768,-32768
2,21804,4836,-2580,-11527,2878,16424
2,10036,-6740,-4852,-32768,24754,32767
2,7104,-12456,-3572,-21355,2133,13431
2,9116,-15212,-10412,3703,-6748,-3913
2,2292,-9284,-11516,32767,-20602,-32768
2,20344,632,-1696,32767,6314,-29799
2,16104,-2420,-3624,-22261,11192,27687
2,9532,-10084,-4988,-32768,26765,26404
2,8708,-13372,-3928,-13198,6776,12017
2,7432,-15116,-4656,12316,-11046,-18323
2,10744,-4128,-15004,32767,-21221,-32768
2,22120,5316,36,6347,-2218,4210
2,11376,-4528,-3844,-32768,20309,32767
2,6680,-12692,-5540,-26465,21906,19786
2,9596,-12432,-9132,-340,754,481
2,6888,-17988,-3000,12407,-21162,-20079
2,16248,752,-20108,32767,-32768,-32768
2,18480,1112,3068,-1964,2250,7950
2,10528,-6344,-4144,-32768,13783,32767
2,4304,-15820,-3208,-23673,16971,16424
2,7804,-17828,-9972,10618,-20401,-24116
2,11732,-1148,-14912,32767,-12662,-32768
2,22596,5988,2312,-4259,-4175,16613
2,9052,-4780,-6432,-32768,9876,32767
2,6316,-10648,-7856,-18514,16686,15937
2,8656,-13864,-8420,2055,7704,-376
2,3432,-14312,-8760,27794,-21432,-32768
2,18520,-2828,-10244,32767,519,-32768
2,18004,-1252,-4436,-20889,12685,31153
2,10672,-7344,-10192,-32768,17466,32767
2,5900,-13660,-6672,-16774,8217,8030
2,8336,-14248,-9480,3869,-3979,-5377
2,3244,-10208,-11256,32767,-18848,-32768
2,21408,-108,-5744,32609,-5641,-28948
2,15164,-3404,-3924,-18704,9058,23999
2,11088,-9320,-8856,-28406,20872,28950
2,6652,-12868,-7132,-20283,32767,21888
2,9196,-17548,-5052,6618,4195,-7269
2,7304,-5428,-5968,32767,-32768,-32768
2,19804,-660,-5292,18615,-3695,-21835
2,15956,-3892,-7576,-32768,31116,32767
2,6812,-11808,-724,-20186,2955,22528
2,6980,-16020,-2124,5865,-19833,-11234
2,8280,-7504,-12348,30773,-30674,-32768
2,16236,-1748,-1748,18140,-5337,-18916
2,13784,-4656,-3328,-26332,16061,27103
2,10180,-12084,-4108,-26546,23538,21871
2,9280,-12932,-4144,-11922,-548,6966
2,8396,-12356,-6356,7773,-15577,-15178
2,11476,-6812,-11892,29537,-19425,-26874
2,17812,-3116,-2844,16785,413,-10947
2,14076,-5924,-4680,-27531,14941,25771
2,8616,-13224,-2816,-20130,24469,16074
2,10712,-11016,-6024,-15304,3569,5066
2,10312,-14196,-7660,16501,-14356,-16755
2,12396,-4836,-11728,32767,-11898,-31574
2,18472,-660,224,2237,180,5111
2,10528,-8688,-4876,-32768,19641,29681
2,8352,-11776,-4216,-20373,22652,11479
2,10640,-13960,-9356,-3901,-3306,3084
2,6012,-16788,-5372,11692,-19578,-13274
2,13780,-6604,-15592,30821,-26014,-30570
2,12140,-6048,1356,3336,4258,-635
2,9628,-10180,-5044,-32768,25985,21654
2,7124,-12020,-1180,-15942,13893,14676
2,10200,-12900,-8920,-2642,2487,2775
2,5488,-19440,-3624,12579,-20098,-18480
2,15908,-780,-18672,32767,-32768,-32768
2,14792,-4044,1196,-10338,8551,6914
2,8200,-10324,-7056,-32768,32767,29069
2,8128,-16164,-4564,-18643,5994,9226
2,9004,-15664,-6564,7931,-14678,-12412
2,8648,-5736,-11056,32767,-32768,-32768
2,22268,3180,-3664,-7997,-8251,8630
2,6784,-6936,-6908,-32768,31790,32767
2,5492,-16508,-3124,-11313,-6024,1123
2,9080,-12536,-9504,21770,-20970,-19722
2,12056,-3060,-9852,32767,-23911,-32768
2,21336,-764,-6200,-6712,3594,9572
2,10852,-8156,-6332,-31965,15092,32767
2,8072,-11588,-6048,-13337,22042,13293
2,9068,-12648,-7136,-10857,-3613,3202
2,4092,-17024,-5880,23655,-21834,-30967
2,19236,-6784,-14412,32767,-6874,-32768
2,15304,-5280,-6736,-28214,12248,29381
2,10056,-11812,-9104,-30896,23952,21808
2,8840,-11896,-7044,-14987,13973,11624
2,7132,-16516,-7904,2322,-7035,-1128
2,3748,-4316,-12768,32767,-32768,-32768
2,23188,6200,3300,11722,2349,2793
2,9916,-5600,-5968,-32768,22993,32767
2,7228,-11432,-4888,-19618,32767,16325
2,9632,-17836,-10308,-7158,2412,4259
2,3280,-18512,-10820,32238,-30852,-32768
2,23540,-5752,-8204,32767,-9298,-32768
2,17752,-2500,-4900,-22108,5873,25748
2,9888,-10592,-8744,-32768,28492,28797
2,6076,-12992,-1220,-22882,7874,13974
2,7156,-16432,-7348,3410,-5991,-9121
2,6196,-3284,-15112,32767,-32768,-32768
2,18932,3056,4768,27694,13191,-6435
2,12332,-5760,-10224,-32768,31743,32767
2,5152,-13064,-1528,-16746,26224,15723
2,9604,-15864,-7364,-10021,-3962,1684
2,4676,-20012,-5188,18877,-21234,-25257
2,16768,-2648,-17780,32767,-19092,-32768
2,19208,1008,-1324,-9358,-1104,15060
2,11648,-7848,-3940,-27990,17530,30203
2,8312,-12552,-3456,-17227,28487,17629
2,7148,-19556,-6916,-11295,3606,-2676
2,2032,-8644,-11228,32767,-30301,-32768
2,18000,-1720,-3548,32767,2803,-25881
2,17880,-1664,-2560,-18158,9176,22646
2,12892,-8088,-7784,-32768,27001,29117
2,5276,-13800,36,-18761,15814,14897
2,9256,-16420,-6964,363,-8639,-4644
2,3620,-11480,-9820,28412,-17704,-32768
2,19392,-768,-5852,31889,12303,-30749
2,18572,-1204,-1788,-21958,4082,32767
2,8960,-12208,-2832,-25505,15369,30062
2,5884,-15528,-3632,-8401,-3364,8552
2,4780,-17608,-5908,5864,-7403,-23265
2,13732,-3544,-13456,28459,-8746,-32768
2,21548,6608,3192,6039,4940,-2303
2,11808,-4676,-996,-29345,14628,32767
2,8304,-12364,-7000,-18152,22149,21888
2,7524,-15400,-6712,-11364,-6283,3192
2,5852,-15244,-4640,17855,-14714,-27590
2,16444,-3244,-12900,31405,1273,-32768
2,20676,3744,876,-17548,8492,17521
2,6804,-9676,-1004,-32768,29614,31063
2,8412,-14268,-2036,-3236,-9047,-2503
2,13484,-9076,-7728,12310,-10758,-22212
2,19436,-5648,-2448,-8290,1465,13929
2,6912,-11460,-2232,-15970,5609,15077
2,7140,-16216,-6840,13622,-23047,-30244
2,19064,-220,-12928,22394,4891,-30402
2,19640,728,-1128,-14465,10382,3624
2,14768,-5708,-2028,-18225,1806,30286
2,5952,-9648,-3164,-21612,798,32767
2,32,-20144,-5672,15001,-27190,-29968
2,17644,300,-18852,32767,-10701,-32768
2,18084,-116,-2836,-21349,1611,19729
2,11176,-8196,-5196,-30329,7787,31931
2,9104,-9812,-7364,-14285,9856,15612
2,7560,-16004,-12292,-5045,-3556,2605
2,7120,-10672,-9500,1472,2313,-3983
2,5844,-11952,-7640,15014,-10417,-26037
2,17800,296,-19128,32767,-26384,-32768
2,14956,760,2552,-17963,12959,21354
2,6116,-18528,516,-28833,32767,26389
2,9696,-14376,-9348,-5645,-5380,1526
2,5704,-11828,-12800,25686,-18923,-32768
2,15952,-1452,-10580,32767,4705,-32768
2,24456,4996,-7560,-15163,5054,13089
2,10872,-5720,-5860,-32768,12962,32767
2,5264,-12144,-6516,-20612,11280,17560
2,7684,-16616,-10784,11162,-14906,-16195
2,9244,-4440,-14612,32767,-27848,-32768
2,22152,5748,220,9985,-1120,-18043
2,11552,-3028,-2796,-32768,22233,32767
2,6688,-10160,-4472,-27075,29453,26935
2,7672,-15752,-7900,8354,-17553,-17286
2,9604,-3904,-13976,32767,-24334,-32768
2,23744,5396,328,15634,80,-8155
2,10640,-3992,-5248,-32768,23115,32767
2,6540,-10412,-6084,-24513,26781,25930
2,9992,-16396,-10248,-1410,-7476,-473
2,4516,-16976,-8828,16903,-22190,-28116
2,14220,-2988,-17948,32767,-17339,-32768
2,21732,7364,-1008,-5038,-427,5675
2,11248,-4780,-7312,-32768,24013,32767
2,6396,-10092,-4012,-24294,20811,18007
2,10392,-15040,-9284,3220,-9634,-6765
2,3456,-5832,-12796,32767,-30262,-32768
2,17880,-172,-12048,32767,5923,-32768
2,16072,-668,-6708,-21995,17105,32767
2,9060,-8908,-9888,-32768,32618,32767
2,6048,-12812,-3404,-19943,1614,10614
2,7988,-18648,-9568,11341,-18548,-19678
2,6856,636,-18044,32767,-26581,-32768
2,23392,8256,-3788,-4604,1442,3177
2,11920,-4172,-3324,-32768,17723,32767
2,9064,-12732,-7812,-24794,24669,21911
2,7160,-17340,-7484,-9650,1072,6566
2,3760,-13692,-9656,29017,-24101,-32768
2,17552,-2996,-14000,32767,-14254,-32768
2,19380,644,-6800,-13085,5980,29841
2,8620,-7724,-6380,-32768,24579,32767
2,5144,-12680,-5532,-18594,25950,16198
2,8224,-14644,-7788,-5051,10207,6270
2,3924,-19324,-6236,8473,-18484,-23453
2,9860,-820,-22736,32767,-32768,-32768
2,22164,8868,396,4299,-6214,6759
2,10164,-4448,-10192,-32768,32767,32767
2,4900,-12128,-644,-16217,23122,19158
2,7856,-15696,-10892,-11065,3023,3662
2,2864,-17808,-4316,-1785,-7947,-4606
2,-3652,-10188,-22116,32767,-32768,-32768
2,17968,-2476,-15384,32767,19032,-26508
2,16012,-3948,-7528,-32768,19410,32767
2,5960,-14760,-6596,-29554,32767,27921
2,7584,-15452,-10268,-5006,2136,711
2,6868,-18252,-6164,7374,-9708,-10563
2,8076,-2984,-15876,32767,-32768,-32768
2,15912,-500,-2760,26662,10570,-26803
2,15352,-2744,-5536,-26272,17034,32581
2,7468,-11512,-4588,-32215,31465,28183
2,5992,-14884,-3176,-14369,-2941,4565
2,6216,-11016,-10888,28448,-17490,-32768
2,17760,-2668,-2388,28873,187,-32768
2,18788,-860,-4744,-32389,17285,21863
2,11840,-7860,-1856,-29004,12323,32695
2,10352,-12276,-6512,-14809,-11438,9971
2,7992,-12444,-10240,-1306,-4896,2319
2,5116,-15384,-7908,16849,-15197,-24610
2,14208,-2952,-14212,32767,-2380,-32768
2,20624,708,-3276,-16147,3531,18332
2,6880,-7632,-4208,-32768,19800,32767
2,6432,-13336,-4512,-17941,5975,10158
2,8924,-10776,-10628,-3156,2018,2126
2,5224,-13628,-7844,9470,-9564,-16131
2,7360,-2056,-15600,32767,-28700,-32768
2,16840,1016,456,12927,8397,-7393
2,11640,-4592,-7716,-32768,25469,32767
2,5272,-9816,-1828,-26237,10790,16565
2,11524,-11256,-11428,-2079,5373,1219
2,3116,-16900,-4728,17041,-28679,-28855
2,23048,2712,-22344,21424,-7654,-25296
2,12764,-4168,960,-7323,5039,-1896
2,15248,-5356,-3128,-3698,3944,231
3,15376,-5872,-4108,-4080,3146,5904
3,14372,-7512,-4176,-3321,2077,4949
3,14276,-7760,-3028,-637,-824,1739
3,14268,-7636,-4036,-2959,1177,2477
3,14308,-8496,-3616,-1910,709,-218
3,13436,-7816,-4136,-2258,-26,1678
3,14484,-8140,-4908,-1642,2018,-1944
3,14624,-7420,-4620,-1779,-15,-312
3,14352,-7408,-4644,-1165,340,-681
3,15272,-7168,-4600,-1060,500,-21
3,14504,-7396,-5060,-1030,452,-33
3,14512,-6884,-4616,-251,408,-370
3,14396,-7236,-4256,-272,336,-364
3,14804,-7164,-4552,-325,484,-321
3,14468,-6956,-4388,-339,13,-132
3,14724,-6960,-4708,-293,381,-489
3,14772,-6804,-4588,-508,-2,234
3,14536,-7012,-4804,-100,113,-134
3,14572,-6964,-4660,-328,371,-93
3,14824,-6952,-4372,-158,503,143
3,14556,-7052,-4756,-356,201,286
3,14652,-7036,-4740,-422,136,216
3,14760,-7108,-4728,-108,151,-1
3,14576,-7056,-4724,-291,-52,181
3,14772,-7068,-4660,-259,168,176
3,14588,-7104,-4648,-406,330,346
3,14464,-7268,-4984,-329,148,71
3,14392,-7236,-4760,-176,291,183
3,14412,-7384,-4696,-103,745,243
3,14440,-7404,-4644,-114,417,187
3,14356,-7508,-4544,-25,-27,-355
3,14392,-7420,-4576,-273,-39,220
3,14432,-7780,-4500,-294,321,535
3,14040,-7860,-4560,94,292,-399
3,14412,-7732,-4468,-53,95,44
3,14328,-7828,-4376,-201,-8,294
3,13988,-7960,-4304,-280,-24,514
3,14084,-7872,-4548,-83,294,242
3,14008,-7744,-4220,-98,209,463
3,14028,-8028,-4176,-707,508,932
3,13788,-8168,-5056,-24,303,-94
3,14452,-7972,-4388,-119,223,722
3,13612,-8480,-4352,-457,272,781
3,13764,-8444,-4724,-123,248,114
3,14132,-8556,-4396,-137,392,796
3,13600,-8636,-4296,-872,702,1085
3,13952,-8644,-4648,-353,751,-56
3,13360,-9164,-4772,-502,210,1073
3,13572,-9304,-3660,-321,-779,1041
3,12368,-9300,-4724,-553,-285,828
3,13556,-8896,-5036,-222,328,-468
3,13564,-8720,-4680,183,838,-31
3,13544,-8808,-4352,-151,251,228
3,13596,-8736,-4468,20,-51,-842
3,13680,-8776,-4492,-342,752,403
3,12860,-9608,-4832,-299,914,556
3,12540,-9048,-4880,-471,-417,254
3,13904,-8980,-5372,66,398,-1082
3,13804,-8768,-4540,428,580,-292
3,13572,-9136,-3320,277,555,-498
3,12704,-9008,-4264,-807,-303,233
3,14024,-9188,-5228,-341,479,-1251
3,13688,-8628,-4980,-336,667,818
3,13648,-9296,-4080,5,1083,-1354
3,13056,-8632,-4636,-603,-177,1225
3,14016,-9040,-4448,747,446,-1658
3,13696,-8340,-4564,-440,-307,1303
3,13516,-9100,-3976,48,887,-1311
3,13396,-8768,-4812,-486,-200,731
3,13760,-8620,-4304,529,256,-2701
3,14344,-8048,-4584,-415,-155,794
3,14096,-8548,-4312,-208,330,-608
3,14080,-8300,-4692,-615,250,1136
3,13712,-8344,-4652,19,286,-1354
3,14132,-8288,-4448,-94,55,792
3,13708,-8300,-3960,133,196,-1898
3,14572,-8232,-4712,-584,543,1429
3,13244,-8624,-4624,-8,-127,-583
3,13824,-8408,-4112,-394,-72,-398
3,13748,-8016,-4484,-88,241,-1052
3,15136,-8068,-4444,-44,729,510
3,13392,-7808,-4472,-229,546,34
3,14792,-8396,-4308,-187,342,52
3,13204,-8124,-4452,-241,-349,-493
3,14944,-8516,-4068,-186,351,-773
3,13176,-7668,-4512,-1016,3,1123
3,14028,-8340,-4480,289,-189,-873
3,14052,-8024,-4256,494,-161,145
3,14052,-8308,-3804,84,254,429
3,13524,-8284,-4616,-278,337,351
3,14420,-8348,-3904,298,330,-703
3,13540,-8620,-4608,-402,241,781
3,13728,-8708,-3852,456,155,-735
3,13780,-8156,-4420,-403,452,-120
3,14588,-8632,-4284,26,102,-1238
3,14144,-8100,-4500,-418,-20,882
3,14020,-8436,-3704,176,144,-894
3,14104,-7984,-4748,-616,-283,675
3,14172,-8428,-4352,337,291,-1354
3,13976,-8328,-4140,90,-519,1128
3,14132,-7920,-4232,11,386,-1653
3,14584,-8696,-4488,-231,31,983
3,13340,-7904,-4048,329,76,-1077
3,14808,-8360,-4280,-550,408,-29
3,12964,-8108,-4336,442,-412,-221
3,14928,-8396,-4204,-445,321,-264
3,13432,-7992,-4544,135,133,-943
3,14968,-8236,-3844,46,167,99
3,13164,-7760,-4528,-406,-134,-727
3,15148,-8584,-4132,158,326,-354
3,13092,-7912,-4300,-41,-320,399
3,15268,-8360,-4208,-339,398,-1072
3,12784,-7952,-4516,-631,-583,1502
3,14360,-8848,-3908,-249,455,-323
3,13112,-7736,-4088,-16,35,184
3,14588,-8832,-3900,260,1026,-704
3,13480,-7784,-4560,-341,236,368
3,14872,-8316,-4088,-105,839,-1490
3,13088,-8016,-4524,-346,58,1219
3,15008,-8512,-4120,313,689,-1619
3,13620,-7928,-4560,-101,-255,1660
3,14320,-8492,-3372,445,189,-1570
3,13776,-7824,-4632,-579,-67,689
3,14768,-8492,-4124,213,465,-1148
3,13152,-7856,-4228,-450,-354,1567
3,14884,-8216,-4044,357,919,-1306
3,13428,-7956,-4048,-406,58,2154
3,14104,-8588,-3848,156,593,-1653
3,13900,-8096,-4596,-572,-103,1531
3,14584,-8652,-4296,661,605,-1418
3,13432,-8404,-4300,-452,-477,1409
3,14196,-8304,-3864,371,721,-2312
3,14232,-8048,-4436,-472,330,2009
3,14136,-8456,-3832,-204,1065,-1117
3,14272,-7912,-4224,-673,250,1409
3,13680,-8268,-3644,157,636,-1175
3,14016,-8196,-4308,-363,111,921
3,14388,-8084,-4140,88,701,-1814
3,13924,-8400,-4308,-545,-138,1606
3,13900,-8184,-4240,288,592,-2076
3,14952,-7712,-4348,-629,220,1003
3,13660,-8140,-3896,374,142,-1134
3,14540,-7960,-4332,-644,324,775
3,14132,-8036,-4588,44,475,-1443
3,14252,-8032,-4052,202,-166,717
3,13616,-7944,-4084,153,102,-1919
3,15064,-8004,-4424,-457,459,1097
3,13428,-7640,-3968,428,-2,-557
3,14704,-7900,-4404,-556,164,453
3,14016,-7860,-4452,285,195,-1094
3,14444,-8176,-3984,-172,-167,972
3,13964,-7804,-4048,-69,-73,-1336
3,15088,-7844,-4464,-475,311,715
3,13504,-7772,-4056,403,38,-921
3,14916,-8296,-4488,-589,182,646
3,14000,-7604,-4264,-107,263,-1280
3,14708,-8240,-4428,-321,4,1034
3,13664,-7968,-3720,86,-207,-1698
3,15100,-7872,-4144,-723,565,794
3,13544,-8032,-4120,26,632,-1169
3,15016,-7804,-4148,-552,213,716
3,13664,-7856,-4016,106,-139,-967
3,15120,-7768,-3776,-719,1502,746
3,13804,-7864,-4120,-231,61,-843
3,15020,-7996,-3172,-1190,3017,707
3,14192,-7756,-1920,-4775,12157,2129
3,11236,-9668,1756,-4332,21107,-1041
3,11780,-9076,6688,5660,13216,-6799
3,14332,-5360,9100,1326,12282,-460
3,11616,-2280,11848,-3355,2709,3235
3,12276,-6524,10436,-3077,-6911,1640
3,13224,-7032,5264,618,-3161,3615
3,13680,-8780,6880,1727,-3882,1318
3,13464,-7464,7348,-1606,-100,-374
3,13016,-8260,6696,321,787,542
3,13124,-8288,6864,-1250,-421,654
3,12352,-8012,6556,888,400,1162
3,12280,-9660,5744,1962,3145,-3760
3,11956,-8260,10076,-3039,651,3171
3,13332,-7868,4532,652,834,-58
3,12824,-7800,8300,-464,-562,1357
3,12744,-8856,6284,1305,159,-260
3,13128,-7444,9316,-743,2671,-2898
3,13364,-7084,7276,-1617,884,-2794
3,12904,-8156,6736,564,356,292
3,12744,-7648,7752,-304,-348,599
3,12668,-7044,6936,-508,767,1293
3,12288,-8032,7176,-98,-119,-1335
3,12700,-7748,6948,384,2203,-694
3,12884,-8276,7164,-31,-669,-1103
3,12856,-8004,7628,408,878,-354
3,12756,-8252,7576,-51,-777,-1718
3,13100,-7284,7064,1680,2299,-1822
3,12844,-7368,8344,-107,-304,-1251
3,12732,-6580,8480,-158,1152,456
3,12748,-7100,7780,-1898,-1680,80
3,12996,-7324,7624,-729,41,1276
3,12708,-7876,8064,-366,-311,-131
3,12904,-7044,7204,132,1603,925
3,12796,-8084,7692,119,320,-485
3,12956,-7044,7544,-210,896,-132
3,12724,-8144,7936,103,-467,-338
3,13168,-7588,7164,-332,866,-144
3,12748,-7824,7540,35,-219,-574
3,13244,-7640,6680,-1096,-297,526
3,12624,-8144,7944,-846,-560,-102
3,12936,-6808,6684,-232,873,38
3,12776,-8320,7576,81,281,83
3,12908,-7320,7312,-635,77,103
3,12780,-8584,8040,-283,-46,124
3,12800,-7288,7752,-582,703,283
3,12404,-8260,7744,422,887,221
3,13352,-8784,6664,726,247,-1396
3,13684,-6652,6364,-65,395,2642
3,13092,-7848,6312,-329,-1304,1102
3,12528,-8772,7940,-524,-8,136
3,13336,-6368,6508,1429,1418,-1162
3,12300,-7892,7996,1110,870,779
3,13172,-7828,6352,2458,-295,-798
3,12420,-7956,8928,2074,1329,146
3,12856,-6324,7672,-220,574,-1232
3,12168,-6716,9796,658,-233,-736
3,12972,-6348,7872,-318,-199,-1280
3,12696,-7020,9176,-149,530,175
3,12764,-7688,8064,-2257,-1214,-323
3,12580,-7764,8412,1417,1794,-1588
3,12640,-5936,7756,-1646,1434,498
3,13088,-7100,8024,-778,321,842
3,13072,-7788,9988,-14,-2120,-2421
3,13280,-6608,7880,-690,-9160,-3074
3,14868,-5036,4960,-127,-729,-3312
3,14980,-5492,4956,-5023,586,-2920
3,13980,-4252,5888,-1088,3711,-7376
3,15600,-1744,5552,1382,1870,-5603
3,14564,-1524,7080,-700,1203,-1447
3,15232,-2272,7528,-832,-1685,-1232
3,15532,-2048,6720,23,-1412,-1008
3,15448,-1468,7064,-935,-728,-376
3,15424,-1628,5740,-1017,1125,503
3,14404,-2484,6628,-694,2251,2970
3,14888,-2392,7584,-102,2124,2820
3,14292,-3396,8084,-1028,18,916
3,14644,-3696,7424,-1461,41,-656
3,15976,-3244,6764,-673,820,-935
3,13844,-3420,7020,-1017,-538,367
3,14100,-4984,7332,-708,507,346
3,14524,-3748,7272,1081,-353,-1350
3,14968,-2972,7436,173,-268,-628
3,14876,-3332,7744,-1077,-811,-326
3,14824,-3468,6228,-16,-107,-870
3,14936,-3468,6980,-127,915,118
3,13728,-4268,7468,-381,412,-1020
3,14164,-4544,6968,1820,-643,-3899
3,13800,-3788,5680,16,649,2677
3,17464,-2080,5924,-5267,4246,13044
3,13068,-6500,7200,2004,3521,8562
3,11676,-7704,7992,4327,-3022,6193
3,10708,-8448,9088,5056,-4339,-374
3,12036,-7496,9924,3776,-1021,-2338
3,12164,-4568,9032,2400,-2438,-3144
3,12752,-5344,10012,3738,2291,-92
3,13352,-5324,7316,-945,1686,1812
3,13128,-6516,8592,1601,1018,-1078
3,12112,-4340,8216,-3158,-1920,-990
3,13596,-5200,9412,1496,47,-2920
3,13968,-4872,9640,-1073,-539,-920
3,14384,-4436,8228,-2420,636,350
3,14028,-5956,6188,-1646,3664,-444
3,14000,-5560,9588,-2709,5333,3752
3,13996,-6584,6408,-826,341,-1917
3,13064,-5992,9848,1073,116,-3293
3,9752,-5024,12172,-3556,-1954,3591
3,15308,-6112,7860,1150,-6250,1998
3,12856,-5788,9368,1041,-1348,2691
3,13376,-6472,7648,-1428,-9,3098
3,13084,-6772,8120,-955,1911,1037
3,12196,-7248,8172,-946,3586,-732
3,12444,-6484,9260,-290,1723,-1323
3,12860,-6832,7836,-502,642,-252
3,13480,-6184,8436,415,-1847,-855
3,12860,-6740,7408,-332,-1114,-487
3,13004,-6128,8944,-113,-686,-812
3,12292,-6864,7956,-513,-284,-395
3,12928,-6220,9560,481,-1089,-800
3,12012,-6792,8232,-555,395,132
3,12916,-6248,9552,52,390,103
3,10236,-6372,9404,-1458,3164,1302
3,2812,-9244,12692,-8773,-16913,8078
3,7804,-12644,-13576,-25282,-32768,-506
3,13604,-8224,-17672,-4409,-19098,-9373
3,17360,-6832,-20792,16051,32767,7790
3,1808,-8768,1132,29025,32767,2659
3,6600,-5304,16280,6324,5312,-7882
3,6136,-7940,13960,-11707,-16303,3086
3,10248,-7592,3432,-16093,-32768,7757
3,11608,-10984,-14600,-18808,-32768,-2175
3,9052,-9140,-16324,-4548,-9833,-6735
3,14500,-10824,-19572,13855,22911,-695
3,5352,-5112,-11380,22182,32767,11049
3,-1244,-6076,19212,11994,18501,-13281
3,8704,-7112,13732,-4672,-1614,3832
3,4272,-8164,14496,-8753,-17352,1466
3,7144,-8416,3092,-26676,-32768,2049
3,11120,-8764,-13640,-19439,-32768,-11456
3,10196,-7528,-18660,-4032,-9534,-6215
3,15380,-11308,-19700,14387,22561,4792
3,2940,-5176,-7900,30529,32767,10303
3,1572,-8160,16616,9407,2996,-13691
3,9880,-8016,9728,-3073,5511,1797
3,6824,-9116,10036,-8521,-9768,2492
3,10188,-6616,1848,-30247,-32768,6982
3,7004,-12720,-14292,-19467,-32768,-16697
3,8316,-7240,-19432,-5213,-7175,-3730
3,10124,-10608,-20028,10448,10664,1241
3,8672,-8060,-19396,30182,32767,8272
3,-7804,-10824,9720,29884,32767,-1991
3,8888,-8504,12292,5947,1146,-3062
3,6548,-7928,14436,-1571,-3546,2157
3,5808,-9180,15616,-19455,-8247,8107
3,5964,-11568,4400,-32768,-10908,-4026
3,7140,-8480,-2244,-11253,-32135,-21418
3,13440,-5124,-14896,-6942,-17256,-12895
3,12648,-5936,-14788,-212,-7141,-4533
3,16324,-7520,-18612,16243,24129,15081
3,4388,-8936,-3520,32767,32767,19599
3,2080,-9268,7816,24291,10803,-12266
3,3924,-4980,18836,6293,1457,-5436
3,7120,-5480,15296,-574,-372,1542
3,7060,-8504,13196,-23257,-6422,11766
3,5592,-13060,8520,-30433,670,-5463
3,8004,-16128,-52,-8543,-8663,-21712
3,13604,-8400,312,3703,-13093,-18834
3,16932,-7384,-2916,2166,-841,-850
3,16052,-10304,-3876,11381,10785,14102
3,6628,-9480,3500,28556,29605,9760
3,8800,-8840,10344,16861,5195,1170
3,7760,-6540,14004,5494,-2015,1837
3,6100,-7044,14520,-2148,-3805,3367
3,7832,-8716,12952,-19349,-32768,9473
3,8220,-9600,3784,-27108,-23945,14677
3,3796,-15328,-5436,-30114,-19765,-6666
3,7452,-7492,-17768,-13372,-25183,-13004
3,7212,-7428,-17788,-573,-1060,-1872
3,12904,-10504,-21336,16675,17984,576
3,3884,-5044,-19684,31701,32767,13316
3,-10680,-8056,15424,26946,31376,-6589
3,4820,-7780,15164,6884,2157,1575
3,4568,-8192,14548,-2876,-7602,1751
3,464,-7696,16468,-12969,-32768,2348
3,8956,-10664,-1100,-23082,-32768,2780
3,5316,-12868,-15992,-27924,-32768,-478
3,3376,-7100,-20216,-8366,-16761,-3284
3,3596,-7596,-18308,3705,3954,-726
3,10276,-7948,-25484,27625,32767,4397
3,-13572,-11420,-1376,28613,32767,-5791
3,3068,-5780,16964,12375,1777,-8065
3,4192,-5104,19588,-1814,-349,1662
3,5792,-7396,11660,-16147,-32768,7843
3,9712,-10780,-2508,-27265,-32768,5966
3,5872,-6172,-17576,-25842,-32768,7789
3,2844,-5108,-22732,-13295,-28127,-112
3,-812,-5448,-17252,-1023,-1335,1185
3,6312,-9960,-20736,9649,23190,1806
3,2860,-4028,-27344,32041,32767,11560
3,-4584,-8868,3688,27632,32767,7628
3,3088,-8128,14468,8815,3656,-2568
3,4336,-9016,13608,-2099,-7794,-658
3,3696,-8248,8480,-13191,-32768,1072
3,5772,-9820,-7676,-16794,-32768,-676
3,7044,-6996,-14532,-14493,-32768,-1884
3,1956,-10116,-18052,-8963,-9861,-3966
3,-376,-6072,-19256,-2375,2029,3122
3,6792,-7168,-20908,4404,18120,2165
3,6256,-6180,-23592,19620,32767,12898
3,944,-10172,-7908,25599,32767,8775
3,-9916,-10164,18124,16754,32767,-4193
3,3624,-9832,13784,5359,4391,425
3,-3424,-8628,20004,-11820,-22024,2437
3,7020,-8128,3104,-17820,-32768,-4645
3,4436,-8604,-8536,-14597,-32768,-5675
3,8640,-6016,-22788,-19713,-32768,569
3,3760,-6356,-20556,-2935,350,1667
3,4752,-8160,-17380,4128,5708,826
3,9304,-7836,-22556,19013,32767,11753
3,1084,-6416,-15568,32271,32767,16708
3,-4816,-8716,16076,15051,32767,-4835
3,3524,-10856,12120,141,-28,632
3,3732,-9944,11736,-6274,-9414,744
3,6676,-8304,4724,-16770,-32768,2295
3,4208,-7964,-11756,-22930,-32768,-9779
3,4008,-6472,-21656,-21884,-32768,-4227
3,-1376,-3412,-18512,-2518,6161,7405
3,1244,-7628,-17796,2883,5785,-2314
3,3132,-6900,-16392,12388,26762,-1204
3,5336,-8404,-15784,21725,32767,12545
3,-28,-11048,-4080,28490,32767,10219
3,1232,-7096,15584,16208,21056,-6728
3,3216,-9968,14280,-3591,-12987,-152
3,3680,-10192,11380,-13678,-32768,-1528
3,5812,-10628,-5160,-18403,-32768,-1460
3,5396,-7264,-14736,-15303,-32768,-3120
3,4828,-11780,-20744,-13847,-16656,4497
3,-2512,-5760,-16032,-1449,-4160,2106
3,2240,-8252,-18660,2745,12665,128
3,5252,-6740,-20476,15378,32767,13546
3,-1452,-10096,-13048,32767,32767,18702
3,-3940,-12560,14536,20543,27222,1023
3,3304,-10812,11088,9371,13404,-1463
3,5304,-10956,11696,-6336,-10083,79
3,7008,-11796,2876,-17136,-32768,-1095
3,8508,-10644,-5900,-18744,-32768,-1646
3,5884,-8772,-18440,-23230,-32768,-856
3,5672,-5504,-23324,-9300,-19254,-5595
3,1608,-8548,-17140,2990,8218,624
3,5584,-8656,-20844,18649,32767,11295
3,4836,-10528,-12520,24941,32767,13904
3,4908,-10860,1836,26867,32767,-2062
3,1392,-7424,18188,8641,-1401,-6782
3,6892,-8924,9520,-2655,-4273,-404
3,7796,-8964,8336,-11323,-32768,-3496
3,9004,-9976,-2856,-15023,-32768,-2572
3,9408,-9024,-12884,-13498,-32768,-4609
3,7300,-6424,-13204,-11005,-20702,-3133
3,5580,-6412,-20372,-4874,-9691,2259
3,8096,-7472,-20616,9799,21430,4294
3,9976,-10040,-14376,14845,32347,13220
3,5512,-11424,-3300,18512,32767,6087
3,776,-8652,244,20489,32767,4190
3,1308,-8304,15308,2903,-20557,-1911
3,-1568,-7988,15800,-7422,-27037,4563
3,7852,-8868,1756,-11223,-32768,-3312
3,8920,-12304,-6840,-10548,-32768,-1575
3,5024,-12032,-6704,-5655,-10713,2401
3,5792,-10644,-13072,-11617,-32768,6098
3,7888,-12452,-20184,-5426,6204,3080
3,1028,-11320,-19604,16503,32767,3739
3,1344,-9388,-18412,23439,32767,4817
3,-7704,-4964,26652,17160,24314,-17043
3,8420,-9076,11452,555,-4879,1180
3,3984,-7236,11604,-10784,-32768,3526
3,10100,-7240,-2896,-12197,-32768,4416
3,8500,-11392,-11504,-12279,-32768,1343
3,7692,-7712,-14284,-8158,-13880,1341
3,2776,-8264,-16244,-1825,-1245,1907
3,7492,-6868,-17964,352,3346,431
3,9060,-4760,-23864,8276,32767,11205
3,4076,-11660,-3776,19328,32767,17892
3,-3436,-8692,16572,17287,32767,-5245
3,5692,-8504,11268,3478,-13401,1976
3,1684,-8072,14604,-8580,-32768,-5101
3,7632,-9512,-3460,-9355,-32768,-981
3,6780,-11876,-16272,-7526,-32768,664
3,5680,-9068,-11092,6538,-25669,-3750
3,3744,-11336,-13392,-3583,-3595,6799
3,4020,-8260,-19544,4587,23848,-6469
3,-6124,-8908,-23352,9046,32767,6217
3,-10036,-9284,15676,19864,32767,-2248
3,4284,-12712,13232,-1451,-13081,-518
3,5728,-9476,8572,-12859,-32768,-3411
3,12364,-8116,-5132,-15073,-32768,-342
3,6696,-9560,-14512,-13498,-32768,-11862
3,7120,-4996,-18364,-5117,-32768,-5488
3,4772,-7024,-17732,681,13431,4076
3,11020,-6584,-20380,3930,13493,6091
3,4140,-4384,-19824,22145,32767,23944
3,2388,-12092,5800,21009,32767,14742
3,-2492,-10080,17516,10534,142,164
3,-1844,-10832,14932,-12011,-27792,-5372
3,5408,-9692,-3440,-18492,-32768,-7411
3,8304,-9944,-16724,-8197,-32768,-7397
3,6520,-8976,-15632,-3838,-7444,-4768
3,7116,-9916,-16968,-2509,4675,3949
3,6752,-7888,-19216,2331,32767,7084
3,5384,-9872,-13912,6971,32767,18234
3,1548,-12164,5708,23719,32767,7853
3,564,-8956,13132,3515,-10858,-2436
3,3416,-11048,11568,-10542,-32768,-8268
3,6060,-11088,-4664,-13047,-32768,-2626
3,7636,-12340,-15260,-3095,-32768,-10618
3,4864,-7632,-14628,19,-32768,1633
3,944,-11140,-15564,-2097,14309,3049
3,8048,-9992,-19504,-28,20015,3469
3,5984,-4860,-31880,10958,32767,19410
3,-14988,-9308,23908,22195,32767,1789
3,4900,-11208,10944,-1005,-3539,374
3,7636,-9720,5216,-13308,-32768,-5731
3,5696,-9344,-3916,-14102,-32768,-3870
3,8008,-9076,-20632,-6807,-32768,-8966
3,560,-10124,-18352,-6774,3450,7124
3,2656,-7968,-19164,1489,6274,94
3,7144,-8364,-20352,14078,25162,514
3,1576,-9532,-12288,20112,32767,11889
3,3108,-10692,1844,31075,32767,6848
3,-368,-7568,18260,13097,-7787,1575
3,-184,-8656,16760,-3590,-2341,1001
3,4376,-10268,6528,-20680,-32768,-3494
3,4552,-11024,-7252,-17827,-32768,-1046
3,8780,-10296,-14336,-7825,-27735,-6286
3,6116,-9800,-17696,-6492,-11938,5139
3,9780,-9520,-19272,2934,17334,1138
3,6604,-5200,-23620,12777,32767,5000
3,4608,-11032,7568,14548,32767,2810
3,6436,-8952,12476,4596,8037,-2413
3,860,-10736,17068,-1031,-6303,773
3,6232,-9980,-560,-11939,-32768,-3515
3,10820,-9160,-12620,-7741,-32419,-45
3,7236,-10400,-10680,-1720,-2279,-6482
3,3996,-8148,-11968,-1228,-31094,2347
3,4296,-10012,-17376,-1771,1815,4053
3,8920,-8388,-25372,1743,32767,1938
3,4764,-10884,-4224,10136,32767,12389
3,5980,-10644,164,18663,32767,6332
3,1600,-9448,16668,2515,-5277,-948
3,-880,-9980,13948,-13377,-32768,-5992
3,3964,-8836,-8064,-18725,-32768,-6980
3,11380,-7424,-22000,-10300,-32768,6041
3,-668,-6988,-18028,-4750,2613,3116
3,5864,-8244,-20812,4421,21015,1266
3,9636,-8908,-20112,14118,32767,11268
3,32,-7392,-4060,32767,32767,7173
3,-852,-8448,19528,11539,7694,-3856
3,4684,-12932,11884,-1391,-4196,-2142
3,3944,-7740,9048,-11416,-32768,-5397
3,8768,-7792,-10100,-12553,-32768,-190
3,7468,-9992,-17588,-6173,-21646,-56
3,7076,-9704,-17828,-8451,2014,7731
3,6692,-11896,-23660,8557,32767,7864
3,-11100,-8408,2684,22008,32767,15351
3,6648,-13048,9808,-2684,-10056,1040
3,4872,-13056,10000,-5301,107,661
3,7256,-13604,9804,-5376,5143,-867
3,8876,-12116,7440,-4368,-1640,1424
3,6848,-13292,560,14485,6264,-10793
3,9840,-9732,6780,-1248,-7170,-5895
3,13192,-10352,7624,-1077,-4899,-3369
3,10368,-9532,5108,-1468,-15324,-2095
3,18940,-10840,3876,-4886,-29811,995
3,9460,-8812,-1116,-3949,-24511,-247
3,7216,-9932,-8472,-1256,-32768,-12451
3,8616,-6340,-17148,3343,-31162,-4589
3,6536,-7000,-16612,-990,9086,5145
3,10552,-7008,-18408,3289,32767,3280
3,6712,-7720,-9740,6644,32767,12987
3,8464,-10300,2564,10261,32767,9627
3,2248,-9728,13588,3964,1132,1420
3,4432,-10236,10792,-4211,-32768,-1320
3,5824,-10456,-452,-7689,-32768,-7298
3,11200,-8248,-17440,-3894,-32768,-909
3,7040,-8804,-16924,-9367,1921,7628
3,6060,-10196,-16028,-819,6133,-1075
3,12624,-9936,-18756,6043,32767,-474
3,7864,-8072,-7160,8368,32767,12635
3,-3224,-9788,15440,8713,32767,4376
3,2108,-10428,13092,-1629,-10868,2759
3,2744,-11060,6348,-13942,-32768,-2694
3,8132,-10452,-9356,-13175,-32768,-4454
3,10744,-8564,-18108,-9040,-17475,-377
3,6904,-9952,-16032,-3274,2402,1353
3,9412,-9992,-15920,4438,16299,-4727
3,5080,-8692,-6644,23623,16179,-19290
3,16468,-5348,-7788,7879,22039,-12189
3,16776,-5976,-5748,-19326,32767,1578
3,-4624,-9212,18648,-10000,32767,2979
3,10492,-11128,7540,-10543,-15326,5513
3,-320,-11704,9020,-14224,-32768,1232
3,2156,-10708,-10104,-14908,-32768,-17415
3,14192,-11656,-20860,-15834,-14613,8601
3,4584,-10124,-15328,-2794,-5297,1298
3,12184,-10436,-19692,10731,32767,337
3,6692,-7884,-14144,16050,32767,17277
3,-1992,-9036,9908,20899,32767,4924
3,3408,-9184,12560,2071,5611,1498
3,2368,-9608,13008,-10976,-27271,343
3,6760,-11720,1068,-20822,-32768,-5782
3,4912,-8136,-7924,-19393,-32768,-19705
3,13300,-6984,-22796,-6450,-7676,1885
3,9656,-7284,-16976,3111,9142,1608
3,10548,-7884,-15872,12243,32767,12649
3,6636,-9504,-5224,25626,32767,20552
3,-3820,-8992,17000,13739,21397,125
3,-48,-8788,13724,-5287,-6256,3274
3,-1444,-9084,10084,-21333,-30817,292
3,1312,-11568,-4444,-25316,-32768,-17760
3,15748,-7768,-23136,-15203,-32768,-10437
3,6704,-8112,-16912,-1022,9680,3578
3,12292,-8848,-18664,11378,32767,10083
3,4420,-6844,-11104,32767,32767,24467
3,-16068,-6692,24780,15397,-11485,-6771
3,1012,-10168,15452,1181,5187,-837
3,5316,-11740,8512,-16740,-29693,2041
3,3336,-9668,-2560,-25385,-32768,-5221
3,5280,-10728,-15732,-13180,-32768,-9407
3,7360,-9504,-18488,-4347,9041,360
3,11236,-10096,-19668,8563,32767,1262
3,8180,-9732,-12212,21244,32767,12048
3,-8428,-10040,10172,21611,32767,9437
3,4428,-10604,10968,-471,-15580,618
3,72,-10336,14420,-11521,-20930,757
3,6020,-12092,3908,-21317,-32768,-4235
3,6672,-11380,-8940,-19477,-32768,-14326
3,11196,-7592,-21020,-13525,-30954,-4895
3,7744,-8428,-17732,3188,12360,2726
3,10984,-9304,-17596,18173,32767,12712
3,4772,-8380,-1336,20994,32767,21996
3,-9340,-10092,18100,13317,9634,3661
3,-1220,-10792,13552,-3500,-5812,1105
3,1284,-12436,8092,-17253,-32768,-3680
3,5696,-11856,-2212,-26836,-32768,-8654
3,8524,-12092,-12496,-20271,-27314,-15562
3,10016,-7856,-18352,-6104,-6975,-3436
3,11816,-9356,-18884,7599,15874,3599
3,8612,-8876,-12324,22651,32767,15358
3,-2124,-9868,3564,28710,32767,17025
3,-5384,-7804,18932,7273,-16887,2476
3,-5556,-8184,18056,-5918,-5425,1926
3,-132,-10440,5076,-27789,-32768,-2252
3,8600,-11328,-11540,-29603,-32768,-5780
3,9916,-9984,-14792,-9696,-685,-10837
3,11108,-8340,-16096,1840,11548,3061
3,14736,-10480,-18096,22925,32767,18789
3,-7700,-7952,3020,32767,32767,21976
3,2344,-10848,10224,-4762,-32768,-4196
3,4520,-11468,11348,-3208,-1864,-691
3,6832,-12388,8136,-3450,-4461,778
3,7128,-11724,6752,-2976,3603,-677
3,4768,-12284,6572,-7469,2256,7480
3,1272,-16496,296,-24448,-32768,-10817
3,10476,-8492,-17760,-27243,-32768,-23107
3,10156,-6640,-20104,-159,10969,-1147
3,13460,-9652,-17488,13353,32767,9198
3,5752,-11184,-1336,14343,32767,18870
3,4596,-13744,6556,8421,18005,8408
3,-2396,-13292,10896,58,10047,4649
3,732,-15484,7008,-10012,-11713,-6426
3,-16,-8984,-248,-24012,-32768,-18262
3,9868,-9988,-15676,-19243,-32768,-23178
3,12508,-6812,-20176,155,6100,438
3,12300,-8228,-15700,16843,32767,10349
3,4192,-10816,-408,21876,32767,12667
3,4460,-11116,10516,10771,-1400,-4655
3,12060,-9984,6316,-162,-3925,-2213
3,10132,-9604,6612,-5987,4887,2823
3,10360,-12956,3224,-10109,1014,5130
3,8488,-13916,3088,2423,5730,2222
3,5892,-12512,6128,-2587,5002,1297
3,6844,-14228,4124,-6034,-1887,-1784
3,6140,-15592,1876,-2933,5076,-2237
3,6428,-14164,5192,-2390,-14410,-11267
3,-468,-5592,-6348,-2450,-32768,-32768
3,16140,-7176,-19664,-4327,-16360,-101
3,10848,-8708,-16144,-516,5959,-326
3,9844,-5612,-17104,15933,32767,27129
3,-312,-9584,5844,20729,32767,23706
3,-7260,-10020,13032,-2674,-15739,9
3,2756,-11444,572,-27218,-32768,-17105
3,7880,-4564,-16152,-30032,-32768,-25961
3,6740,-6116,-21948,1929,15030,3356
3,11888,-7612,-17908,12632,28546,9220
3,9248,-9312,-10392,19998,32767,22035
3,-3948,-12128,11136,18730,32767,13666
3,2444,-13432,8416,-2959,-11117,-3772
3,4488,-13680,8472,-1471,-3261,-3049
3,7084,-12972,8464,-3103,-53,-523
3,-376,-11776,7240,-17637,-32768,-10746
3,5552,-6844,-14124,-18611,-32768,-16674
3,11864,-8904,-21104,-1173,4409,-3933
3,12168,-9316,-19140,16148,32767,11905
3,-504,-8992,-2472,26555,32767,22156
3,-5744,-7792,18080,6110,-1807,-3221
3,8504,-10856,8912,-4861,-13708,-4957
3,1916,-11112,5540,-21148,-32768,-5683
3,9812,-11760,-11940,-15449,-32768,-7423
3,11120,-9492,-13000,878,15954,923
3,9092,-11312,-6160,1627,15712,4629
3,10872,-11888,-5868,1038,2910,2521
3,12140,-14340,-9544,-4618,-22727,1917
3,12348,-9704,-28156,32767,32767,14667
3,-30276,-9060,27436,21797,11376,-5042
3,9032,-12936,1952,-11988,-32768,-3884
3,-2392,-12320,-5844,-15145,-32768,-12342
3,9672,-9508,-14144,-10990,-32768,-1859
3,8432,-10548,-16716,2226,10094,634
3,6468,-10708,-10904,5367,15689,2046
3,8368,-9996,-8976,-808,15341,-1457
3,10972,-11420,-8644,-3237,8683,-2122
3,10808,-11724,-7540,9524,32767,4033
3,8824,-10644,2292,8998,32767,82
3,10908,-9284,6228,4875,25603,3090
3,7252,-9648,10008,-362,1014,4219
3,10576,-11240,6572,-4924,-4474,-2339
3,9168,-11408,6080,-1720,-4049,-506
3,10356,-10752,3664,-2540,-14110,-1329
3,12280,-11676,3432,-3288,-5463,546
3,8380,-12276,4108,-4541,-20904,-3366
3,4612,-9608,-3220,-8493,-32768,-15475
3,13360,-8548,-17872,-7454,-26955,-202
3,6188,-9004,-12916,-2881,10677,3600
3,8664,-7984,-12432,1513,-1030,-374
3,7840,-9232,-10880,1611,-321,675
3,7352,-9812,-10856,998,32,648
3,8204,-9152,-11700,-138,3180,1495
3,8956,-9468,-11588,573,2000,158
3,9664,-9200,-10908,2375,5975,2343
3,9632,-10140,-10320,1561,9041,4723
3,8144,-11616,-8056,1453,11583,5554
3,8184,-11692,-6820,719,3619,2054
3,8692,-11668,-6136,-500,683,364
3,9356,-12568,-6592,850,3179,-231
3,15212,-14396,-15316,11024,-12759,-4600
3,-7544,-8568,-11940,27378,32767,8749
3,-5360,-9772,19468,3972,-27967,-7449
3,4520,-10664,12032,-11439,-14258,1063
3,-552,-11896,-3656,-12820,-32768,-11471
3,12284,-8392,-19320,-14132,-32768,7110
3,1136,-10656,-12164,-7489,6535,-3696
3,9296,-10896,-20788,289,13801,-927
3,11036,-6964,-22960,14353,32767,11542
3,-6984,-7940,-5232,29638,32767,21519
3,-2472,-8740,12492,-4958,-32768,-5903
3,2900,-10004,2040,-11026,-32768,-8355
3,6096,-10600,-12816,-7616,-32768,-6912
3,10120,-12472,-16680,-4772,-17158,2978
3,5188,-10204,-15324,-446,18671,3121
3,12776,-11792,-17356,7444,32767,10596
3,6064,-8476,-6004,15499,32767,20866
3,-4224,-13660,9284,10212,31037,13596
3,-496,-13932,6284,-10028,-25031,-6430
3,4148,-14256,4172,-7680,-15814,-4959
3,5996,-12628,-4756,-14629,-32768,-7652
3,4936,-14740,-9516,-4007,-21322,-12193
3,10064,-12292,-11672,-29,-5069,-3003
3,3960,-12844,-11876,14288,32767,5528
3,6284,-12940,3460,10715,22775,5234
3,5028,-13300,6568,2518,-13160,-2957
3,912,-10972,3220,-3926,-32768,-7579
3,8572,-12040,-10416,-9187,-32768,3803
3,9788,-14196,-16328,-9672,2440,3520
3,7204,-12096,-13932,3810,32767,6045
3,6816,-11728,-3180,6387,20157,5239
3,7576,-15320,-1776,3033,16983,8517
3,4444,-15456,2640,2024,4749,3673
3,5876,-14872,924,-1821,-1779,-658
3,5868,-15168,876,-427,834,-130
3,4412,-15116,960,-3101,-8421,-5646
3,268,-12676,-3288,-9119,-32768,-19669
3,13068,-8972,-19172,-4594,-31851,-2800
3,15224,-12772,-27056,867,32767,6801
3,-11160,-9768,2464,17266,32767,15731
3,-3680,-8252,10256,-8654,-32768,-6855
3,1340,-11776,-7680,-15824,-32768,-7283
3,7012,-11368,-21408,-13057,-32768,6020
3,2600,-11492,-20240,-1087,21791,-620
3,9588,-11564,-19660,5635,27794,-358
3,10948,-10484,-15292,21745,32767,11026
3,-5888,-12176,7828,16106,32767,8655
3,6456,-11976,9316,-2859,-20279,-3701
3,4108,-11904,8240,-10639,-17116,-861
3,1688,-12292,36,-16625,-32768,-7030
3,5772,-9596,-11552,-14013,-32768,-3147
3,7768,-11748,-18660,-7607,6973,-1523
3,6032,-10084,-17108,13679,32767,10423
3,4000,-10780,-1732,11505,32767,16934
3,3388,-15088,6864,728,-3724,235
3,11044,-15312,-52,-4800,-6787,3058
3,6224,-16344,460,-305,-2231,8926
3,-3852,-14884,5084,-5944,-19297,-7497
3,1904,-6256,-11620,-26209,-32768,-15254
3,8956,-9176,-26740,-12214,-18522,-3665
3,6440,-10856,-19032,9530,27055,3061
3,5524,-9052,-10104,15057,32767,10916
3,3292,-14132,-980,13826,32767,15824
3,3100,-14304,3664,5163,16368,10092
3,-268,-15368,5080,2576,7205,8905
3,-8552,-12392,7732,-13444,-16352,-7470
3,-1568,-3672,-10612,-32768,-32768,-32768
3,11192,-9968,-28172,-12857,-22909,-11500
3,5100,-10520,-17796,7760,13887,3927
3,6964,-7148,-14796,24265,32767,13973
3,56,-11036,-136,21400,32767,20906
3,-2120,-13032,8756,2200,4615,6950
3,-7172,-14696,8828,-11376,-16126,-10044
3,3888,-5664,-14112,-27446,-32768,-23674
3,11212,-12432,-27948,-17299,-25473,1746
3,8364,-8984,-21064,13114,32767,11582
3,7544,-9700,-12584,23821,32767,21993
3,-6304,-12756,8912,16187,32767,13564
3,-5284,-12988,6480,-18104,-32768,-9953
3,2600,-10244,-8764,-21644,-32768,-14558
3,4700,-9208,-20092,-21600,-30831,317
3,3392,-12160,-18036,2950,16782,2310
3,4400,-8380,-18356,23896,32767,15185
3,-3420,-9680,-1116,28879,32767,23199
3,-13220,-11636,14816,-9630,-23740,-10215
3,-1740,-7192,-12484,-30892,-32768,-26233
3,7040,-10284,-25376,-12822,-19755,-1431
3,6840,-10472,-16176,183,3753,-1434
3,4776,-9852,-13544,17145,32767,13520
3,132,-9312,-7576,32316,32767,23595
3,-16784,-10544,19580,4326,3132,-3932
3,-28,-14012,6680,-17541,-32768,-12885
3,-1768,-8384,-6824,-21411,-32768,-14866
3,5548,-5144,-28020,-25864,-32768,-4138
3,920,-10352,-15628,2239,16241,-1590
3,7012,-8332,-19100,13580,32767,14554
3,3232,-9540,-10192,30164,32767,23884
3,-16132,-11716,14320,17570,32767,11250
3,-3008,-12996,4864,-21651,-32768,-11157
3,680,-10896,-5452,-24753,-32768,-16286
3,3848,-8960,-15964,-25552,-32768,-7330
3,4272,-9068,-23852,-2167,17601,-1738
3,6676,-10736,-17888,8165,19383,1338
3,8952,-10360,-16024,22709,32767,16291
3,-5092,-9640,1904,28739,32767,14921
3,932,-12996,9016,-747,-23754,-6477
3,3052,-11600,9788,-8047,-19965,-4776
3,3108,-10728,-1456,-22432,-32768,-8216
3,4896,-9304,-16312,-21597,-32768,-12625
3,6112,-8048,-22132,1730,19853,1642
3,6904,-8724,-14368,8334,18487,4870
3,7392,-10484,-11916,14147,32767,7413
3,1220,-12152,2704,13078,32767,20693
3,-4712,-12668,10264,-7840,-14042,-3575
3,5948,-14044,-5736,-20576,-32768,-13849
3,32,-8952,-11916,-21025,-32768,-21428
3,5656,-8040,-23716,-4000,9933,1982
3,6552,-10040,-19272,4813,8406,4422
3,5540,-9920,-14928,10387,32767,11865
3,5640,-12840,-7896,22457,32767,13936
3,-4208,-14064,9148,18764,32767,1524
3,1776,-12108,10084,-4049,-20691,-3833
3,5812,-11528,2408,-14715,-32768,-5733
3,6428,-10068,-11512,-20888,-32768,-6810
3,6892,-9724,-20672,-10796,-22132,-5760
3,4532,-8840,-17700,1733,6937,1943
3,8904,-8592,-19560,13607,32767,9954
3,7296,-11196,-10348,21670,32767,14545
3,-9464,-9516,7704,30366,32767,11054
3,2340,-11388,10484,-4835,-30558,-4247
3,152,-11020,10984,-15003,-32768,-1886
3,2912,-11904,-3312,-22435,-32768,-4500
3,2492,-9480,-16208,-28583,-32768,4778
3,2060,-10644,-17268,-9830,1451,3263
3,2628,-9736,-16352,3962,9511,1820
3,8472,-10024,-18116,16352,32767,6816
3,3392,-8912,-6456,23521,32767,13867
3,-2420,-11180,14048,13531,22580,9381
3,-1792,-12312,11492,-9730,-13197,-3089
3,4580,-13512,2684,-15953,-32768,-7436
3,6176,-10572,-7648,-18886,-32768,-8885
3,8664,-11612,-17092,-8670,-11858,-8246
3,4904,-10600,-13112,-3790,-5165,-959
3,4940,-10940,-12804,476,-4747,-2613
3,6544,-9808,-12908,892,6099,1476
3,7844,-10980,-11952,4668,14197,4462
3,6700,-11572,-7644,3955,13081,5138
3,8816,-12608,-8392,2703,4274,3687
3,9988,-13812,-12540,18932,32767,12982
3,-3100,-12304,1412,27508,32767,12466
3,-2664,-8712,12172,-5167,-30547,-3587
3,-264,-12372,9344,-15220,-32768,-4923
3,-532,-11952,-9440,-20243,-32768,-3380
3,2036,-10860,-15568,-17254,-32768,-4055
3,3864,-11524,-15524,-4436,5359,1381
3,5460,-11112,-14940,7902,20716,4750
3,4176,-11192,-13036,24348,32767,14853
3,12,-11380,-2332,32312,32767,16531
3,-7868,-11820,15796,7296,4558,-596
3,1032,-13336,7700,-6691,-9332,-2112
3,2600,-14120,6436,-14361,-28933,-4100
3,5684,-14936,-352,-13481,-23425,-4540
3,5712,-13828,-4496,-11691,-19771,-5067
3,7912,-12944,-10832,-11590,-19376,-4394
3,6324,-11520,-12376,-3976,-8966,-3103
3,7388,-12052,-12608,948,375,166
3,5704,-11664,-9164,2117,4630,4535
3,4980,-12724,-9564,1544,2820,1116
3,6392,-12224,-9920,728,3436,3103
3,5576,-13168,-8432,2986,6547,2966
3,6744,-13776,-8700,5148,16137,4990
3,5384,-13956,-9624,22680,32767,7494
3,-1608,-13168,7176,18764,31496,4004
3,1428,-13356,10836,-1586,-13743,-1592
3,3168,-13156,7688,-11486,-21492,-1863
3,2792,-14192,1012,-17115,-32768,-3372
3,5692,-10592,-10144,-21704,-32369,-4574
3,5060,-12340,-16288,-11681,-16036,-2775
3,6888,-10696,-16996,4898,14458,2187
3,8352,-11452,-17176,21231,32767,10189
3,-1712,-8688,-1772,30461,32767,14105
3,-2648,-10316,15172,10582,-9368,-121
3,1460,-11728,12380,-7896,-17229,-948
3,6236,-12668,4980,-18303,-31134,-612
3,6448,-15464,-2116,-16123,-28669,-4128
3,8064,-14116,-7740,-4294,-13207,-4689
3,7720,-14176,-7828,2256,-3642,-608
3,6944,-14308,-5992,4148,-5347,-1103
3,6492,-14812,-5716,5130,-6341,-3042
3,8548,-13856,-6044,4478,-11099,-3302
3,15152,-13156,-14456,-11229,13857,-1312
3,8588,-14232,-9256,7588,32767,6681
3,-6460,-12896,14088,10189,32767,-2634
3,2484,-11604,8736,-8077,-32768,-758
3,9672,-12904,-4280,-11188,-32768,2704
3,6536,-10992,-15936,-12968,-32768,10622
3,5768,-13144,-15132,-2669,10426,-2281
3,5952,-11472,-14764,1181,2686,-19
3,9320,-11588,-15792,9192,32767,7691
3,11064,-13536,-10668,15963,32767,17102
3,-8060,-11748,9496,18589,32767,9002
3,-312,-13256,5792,-11642,-31696,-8662
3,3156,-10512,1740,-16116,-32768,-10462
3,3448,-10700,-15028,-14985,-32768,-5504
3,5728,-13584,-16028,-5263,-7749,-6190
3,4792,-10392,-14960,-5095,-16212,-242
3,4976,-10904,-14236,2928,2870,2099
3,3512,-12944,-18928,15190,32767,2282
3,2448,-10688,-9152,12338,32767,6763
3,-5708,-12148,11320,15990,32767,2487
3,1224,-12612,10180,-7165,-32768,-2549
3,6240,-8100,-488,-9136,-32768,-111
3,7184,-12028,-12172,-12594,-32768,7722
3,8104,-12244,-17964,-8535,-744,-1467
3,3660,-11212,-14488,3443,8152,-1916
3,5720,-11084,-10188,6707,8466,-3632
3,10572,-13844,-14716,6639,25989,-776
3,11016,-10664,-9572,13515,32767,-535
3,-896,-9968,8000,6222,32767,3899
3,2516,-11592,9356,-7401,-29955,2855
3,7708,-10940,-1220,-8949,-32768,616
3,10012,-14660,-10856,-7670,-32768,4523
3,8304,-13572,-11196,401,4986,-5727
3,5960,-13220,-8956,-4265,-4368,2920
3,3280,-14424,-9156,-3763,-1110,-613
3,8064,-11828,-21780,11894,12018,-19976
3,2260,-11072,-14656,-3971,32767,3336
3,-13188,-11544,19268,2750,32767,-8227
3,7036,-11992,3344,-3580,-32768,-770
3,12096,-10628,-4396,-5789,-32768,1995
3,9620,-14108,-14712,-6040,-25329,8241
3,7412,-11368,-9848,-4619,13869,2385
3,6400,-13324,-8068,-320,11054,1891
3,10348,-13020,-10164,2483,4203,987
3,-1084,-12216,4124,824,8704,-2857
3,4736,-9984,-18108,-18801,-32768,6547
3,5544,-8972,-16520,-1947,-7040,-8083
3,11828,-9904,-20796,5385,24415,6816
3,4280,-9576,-13164,23896,32767,14502
3,-7544,-9952,7732,21267,32767,9665
3,-1968,-9016,11372,-11673,-32768,-1594
3,972,-9728,-4388,-26195,-32768,-12111
3,7608,-10312,-20440,-16979,-32768,-143
3,1184,-11908,-17732,2133,31553,-3769
3,8156,-9636,-23924,22477,32767,12322
3,-124,-6892,-5088,32767,32767,17421
3,-18945,-1,-1,-1,-1,-1
3,-1,-1,-1,-1,-1,-1
3,-1,-1,-1,-1,-1,-1
3,-1,-1,-1,-1,-1,-1
3,-1,-1,-1,-1,-1,-1
3,-1,-1,-1,-1,-1,-1
3,-1,-1,-1,-1,-1,-1
3,-1,-1,-1,-1,-1,-1
3,-1,-1,-1,-1,-1,-1
3,-1,-1,-1,-1,-1,-1
3,-1,-1,-1,-1,-1,-1
3,-1,-1,-1,-1,-1,-1
3,-1,-1,-1,-1,-1,-1
3,-1,-1,-1,-1,-1,-1
3,-1,-1,-1,-1,-1,-1
3,-1,-1,-1,-1,-1,-1
3,-1,-1,-1,-1,-1,-1
3,-1,-1,-1,-1,-1,-1
3,9540,-10376,6984,-2236,4682,-269
3,8072,-11560,9816,1362,1406,-2549
3,9096,-12164,9568,-1739,-13326,-1969
3,11052,-10896,6884,-334,-19719,-4969
3,15160,-9372,1912,1227,-17163,-4177
3,19884,-8500,-628,-3315,9500,1407
3,10980,-10380,-764,-176,32767,5085
3,2564,-10524,18148,-3402,-1556,6842
3,6256,-10824,6368,-14668,-20309,4266
3,4392,-11140,-1028,-16705,-32768,-6355
3,8764,-8936,-14840,-11611,-32768,-14641
3,7352,-8588,-16936,-2459,3726,714
3,12508,-10652,-18800,8892,29449,9430
3,6676,-8900,-10864,21033,32767,20840
3,-4136,-11724,12432,19917,32333,5017
3,3140,-10732,11344,-2500,-8190,1676
3,4320,-11112,6832,-14305,-32768,-5151
3,6552,-9464,-5648,-20054,-32768,-8898
3,10068,-8580,-19148,-12703,-32768,-8234
3,6324,-8736,-17488,1779,10686,3267
3,13152,-9796,-18840,12694,30134,7998
3,6736,-10416,-6968,19588,32767,15306
3,-4820,-11976,16260,11757,21922,1790
3,4172,-11428,9284,-3395,-11795,-1094
3,1148,-11992,7828,-16859,-32768,-5362
3,3980,-8244,-12716,-25311,-32768,-13638
3,9744,-8448,-25640,-10152,-12544,-5815
3,5456,-10056,-18084,5346,12436,3752
3,9060,-9484,-18388,22534,32767,12184
3,-3896,-8948,-2244,32767,32767,11032
3,-776,-9652,14764,3517,-10378,-6954
3,2656,-10280,13448,-7822,-18199,-3651
3,3964,-11552,4208,-20265,-32768,-1556
3,6796,-10144,-12644,-21686,-32768,-5743
3,6736,-8852,-18836,-10763,-14682,-5569
3,5696,-9228,-19068,6087,16688,4262
3,8076,-9744,-16824,22203,32767,13347
3,1348,-11080,-1936,25358,32767,14923
3,-2512,-11336,14780,5774,385,-1503
3,124,-11212,10100,-7484,-13803,-3368
3,5020,-13280,684,-20125,-32768,-6475
3,7348,-11080,-12748,-20319,-32768,-8164
3,6520,-10360,-15912,-7270,-2899,-4376
3,9080,-9712,-17960,6473,15839,4536
3,8384,-10064,-13676,24341,32767,12869
3,-3648,-10048,2996,26470,32767,11081
3,-488,-11124,12980,-1107,-17832,-2579
3,1448,-10848,8072,-15532,-32768,-7237
3,6148,-9412,-3624,-21045,-32768,-6588
3,9564,-11176,-17824,-15767,-32768,-7437
3,7620,-9260,-18464,2723,10337,2464
3,7636,-8024,-17540,26666,32767,13816
3,-2680,-9352,140,28772,32767,15606
3,-3136,-11404,13056,-5969,-20499,-4088
3,1864,-9372,3820,-21293,-32768,-9467
3,7340,-11444,-13528,-26158,-32768,-6957
3,5824,-11088,-19432,-5874,4496,673
3,7364,-10192,-16164,8189,16986,4689
3,6212,-8932,-13776,25541,32767,14078
3,-6908,-11224,3004,31325,32767,18027
3,-3032,-13004,10408,141,-16686,-1736
3,-2928,-11176,13884,-20722,-27450,-7173
3,208,-8356,-6596,-32509,-32768,-15047
3,6552,-12232,-19308,-21028,-25526,-10585
3,5076,-11416,-20196,556,7054,3029
3,5712,-9980,-16232,19034,32767,9809
3,1796,-8836,-7928,27675,32767,17390
3,-7128,-12240,13700,17677,31622,1924
3,2564,-13288,7808,-5313,-12716,654
3,-1196,-12044,7968,-19535,-32768,-3670
3,2184,-10988,-6468,-27887,-32768,-15240
3,9124,-11380,-21296,-17378,-20007,-6994
3,3928,-11544,-17360,2787,11314,4771
3,6304,-9476,-15780,15713,32767,6615
3,2328,-8040,-10468,28877,32767,19174
3,-6836,-12680,16236,15053,18883,1582
3,8,-12424,10772,-6233,-9908,-589
3,2276,-12804,4856,-18626,-32768,-4191
3,4912,-9180,-9820,-26294,-32768,-9710
3,7368,-11224,-17904,-9011,-8274,-8018
3,6000,-10624,-16024,2088,10959,4602
3,11700,-10656,-21436,17031,32767,15112
3,1428,-9872,-2156,26063,32767,15737
3,-4724,-12340,11584,16649,24303,3682
3,-3740,-11124,12564,-9073,-24670,-1501
3,-80,-11860,2996,-22534,-32768,-8436
3,4472,-11336,-12052,-27449,-32768,-3599
3,4792,-10424,-20972,-13707,-5935,-7194
3,5560,-9300,-18612,4966,14711,3862
3,6636,-10320,-18412,23156,32767,14909
3,-6812,-6668,-5532,32767,32767,23361
3,-7368,-9184,14872,4276,-28824,-8406
3,-3540,-11980,16316,-8389,5037,-4103
3,2320,-11996,-3392,-23479,-32768,-7598
3,5388,-12288,-16964,-22116,-32768,-9034
3,4220,-9900,-17820,-4341,8148,-2706
3,8540,-10480,-18268,6829,18025,5910
3,6212,-12708,-11576,16362,32767,11049
3,688,-9116,-4192,27054,32767,5348
3,-7396,-13172,19780,8244,10667,-3602
3,6724,-12284,3428,-11571,-32768,-6042
3,7576,-8544,-13516,-15122,-32768,47
3,3576,-10156,-20300,-22314,-24116,8620
3,2416,-11560,-15676,-1096,11317,2544
3,9008,-9616,-21264,14640,32767,8703
3,4776,-10232,-8452,21575,32767,16704
3,-5644,-12832,11068,16248,32767,7723
3,-984,-13540,11808,-8372,-23269,-4979
3,2392,-13044,2608,-18121,-32768,-6995
3,140,-6952,-14564,-24268,-32768,-13034
3,3288,-9808,-19996,-766,22498,-1670
3,7756,-10432,-17772,6734,13809,2436
3,4440,-9576,-15496,22774,32767,15699
3,-2804,-11940,3512,25793,32767,14480
3,-8148,-13000,17044,5265,7370,-3701
3,752,-13808,8136,-10712,-15557,-4264
3,2140,-11428,-1796,-22386,-32768,-11489
3,2584,-9140,-16340,-24644,-32768,-9279
3,3204,-9044,-20044,-1112,9357,952
3,9752,-9624,-19568,10800,20302,5396
3,6028,-9976,-17864,28117,32767,24384
3,-13252,-10812,7536,26796,32767,19585
3,-2732,-11224,9944,-8821,-32768,-6508
3,-1172,-11776,7468,-20307,-32768,-6688
3,1500,-12192,-6816,-25672,-32768,-12512
3,5192,-9120,-22876,-18881,-32768,-6915
3,-1300,-11056,-14852,2890,11044,-533
3,8032,-10512,-19364,11085,30492,7858
3,4176,-11016,-14960,28879,32767,22499
3,-9652,-9936,6264,29043,32767,18057
3,-3316,-12836,9576,-3029,-19433,-3186
3,-3872,-12416,10124,-19736,-32768,-8365
3,148,-12140,-6056,-28221,-32768,-15094
3,9372,-9500,-26228,-20697,-32768,-7213
3,732,-12240,-13984,1541,9089,2637
3,9848,-8540,-21992,13825,32767,12064
3,-268,-7824,-12420,32767,32767,26121
3,-14428,-14672,17036,12457,23785,-1210
3,-3092,-13324,7084,-3163,5373,2518
3,-3732,-14624,7152,-17319,-32768,-7044
3,140,-12324,-5752,-27179,-32768,-18057
3,7140,-8632,-20872,-20971,-32768,-11795
3,-944,-10784,-16680,-618,12777,3513
3,9108,-9108,-17980,6541,12850,2307
3,-4048,-8828,-14820,22978,32767,22425
3,-2920,-14184,3736,12944,32767,15656
3,-916,-14472,6104,6246,12906,1799
3,-132,-14888,6856,-4321,-10841,-3204
3,-3460,-12332,4112,-19705,-32768,-20007
3,-4596,-3584,-23808,-21163,-32768,-23136
3,-10432,-15108,-20564,5099,32767,7407
3,8704,-10584,-14892,1385,4680,1548
3,7280,-8380,-28648,18662,32767,26949
3,-5924,-8492,4440,25259,32767,7305
3,7844,-12944,6040,-622,-6637,1302
3,964,-9884,12012,-5626,-19188,-4837
3,612,-9988,752,-17631,-32768,-12630
3,3680,-3440,-15728,-16454,-32768,-9262
3,1284,-7812,-20696,-1961,17868,-65
3,5376,-8336,-16620,4448,15889,2886
3,372,-6700,-21208,22193,32767,13858
3,-708,-5076,-10632,32767,32767,25993
3,-1264,-9192,13488,4393,-29051,-7786
3,-116,-10628,16608,-7040,-8194,-5179
3,2732,-9608,8256,-17641,-32768,-8265
3,684,-11056,-7956,-25759,-32768,-14177
3,11692,-5848,-32768,-11880,-23910,-5413
3,3276,-9116,-18516,4127,10277,1337
3,5096,-6428,-20048,18639,32767,15685
3,-5472,-7888,-7952,32767,32767,18543
3,-3860,-10432,16224,3270,-22215,-5473
3,-1820,-11260,15824,-9952,-2712,-6216
3,632,-9020,-1732,-18852,-32768,-10905
3,3524,-8824,-23500,-18052,-32768,-9619
3,368,-7072,-17560,1823,32767,-1919
3,12448,-9276,-22872,8566,19243,7160
3,4780,-10428,-14636,21308,32767,14701
3,-8276,-8544,10752,25115,32767,1961
3,4252,-11808,12816,-286,-20231,208
3,2984,-11760,13060,-11141,-14973,1578
3,2352,-12224,-1240,-22739,-32768,-13719
3,1168,-3308,-26180,-17134,-32768,-17655
3,1496,-9084,-16516,3335,32767,4185
3,11148,-8168,-17040,9356,26507,7842
3,3492,-8080,-11024,24550,32767,12930
3,-7444,-9996,19196,13275,32767,1129
3,4600,-11668,8740,-4535,-10863,666
3,4084,-10164,6012,-15958,-32768,-4260
3,1844,-7240,-13960,-11874,-32768,-16962
3,11156,-8176,-25776,-4272,-10204,-2636
3,6756,-8416,-17004,3858,9316,2647
3,4384,-7604,-20632,17784,32767,20917
3,-1892,-9196,-1840,25814,32767,23107
3,-2304,-12940,11908,3380,-4692,2443
3,4544,-13284,6916,-2470,-7377,-3868
3,5336,-11980,5468,-13683,-32768,-5748
3,3620,-10856,668,-16091,-32768,-12639
3,4948,-8184,-20256,-18210,-32768,-23647
3,8088,-6340,-27416,149,13476,2284
3,9316,-8108,-23888,13262,32767,15877
3,-7552,-3092,-17060,32767,32767,29914
3,-10492,-8816,23232,-561,-27594,-15263
3,-324,-10240,12908,-15567,-29471,-20520
3,2940,-7824,-7632,-18453,-32768,-21084
3,10464,-1104,-29396,-12789,-32768,-5391
3,4248,-7228,-17176,-320,17580,2039
3,13636,-5536,-26224,13213,32767,20580
3,-14708,-5004,5124,32767,32767,32767
3,1800,-11848,9512,-14706,-32768,-6087
3,6652,-10984,8592,2627,10450,-254
4,6868,-12932,8632,-2626,-7566,-2653
4,8664,-12744,6436,1198,-3885,-1445
4,7436,-12564,8444,3263,-2937,-5134
4,8880,-11576,7196,950,-1498,-2464
4,9936,-11568,6832,5265,-4552,-306
4,10860,-8420,6048,6903,-1734,1446
4,11408,-7520,8940,7734,671,681
4,11128,-7316,9908,5275,-387,184
4,12436,-6884,7596,2543,7854,-3402
4,9588,-7928,10692,-3144,2179,-748
4,10932,-8252,9548,-2864,3033,-1193
4,11172,-5900,9600,-1054,-2695,43
4,9664,-9204,8832,-2138,-900,7577
4,7804,-9800,10720,2606,-1100,-2965
4,11636,-6388,10940,-9392,5814,-4761
4,8992,-9476,10600,-4210,2458,-3032
4,9184,-9236,11764,-2666,65,-1864
4,9856,-8504,9576,2153,-1085,4851
4,9124,-10560,10808,363,-887,1886
4,8772,-11108,9944,-1009,110,2198
4,8224,-9600,10544,-1438,330,444
4,8476,-10704,10104,-222,251,254
4,8564,-10144,10480,-552,-67,-889
4,9052,-10184,9924,-443,169,-300
4,8928,-10184,10012,175,462,-1146
4,9132,-10516,10304,359,355,909
4,9080,-10004,9484,1670,1182,-3315
4,9276,-10784,10284,-431,343,832
4,9212,-8584,10460,-769,339,1394
4,9920,-9872,8976,412,253,-904
4,9252,-9424,8884,48,435,588
4,9248,-9856,10152,-381,8,180
4,9356,-9952,9888,-300,0,-271
4,9460,-9792,10120,-203,75,-229
4,9500,-10028,10444,-638,-357,1480
4,9288,-9712,9396,1177,1191,-1958
4,9288,-10700,10560,-718,155,-135
4,9540,-8936,9644,-860,482,562
4,9088,-9824,10180,-492,-186,-3
4,8960,-10524,10260,-402,249,438
4,9316,-9744,9924,-483,473,639
4,9364,-9580,9996,-389,569,545
4,9352,-9252,10028,-539,-15,197
4,9184,-9628,9976,-852,-28,822
4,9044,-9664,9772,-435,395,240
4,8872,-9880,9768,-430,135,154
4,8928,-10032,9960,-417,212,277
4,8868,-10104,9872,-448,286,333
4,8864,-10100,9648,-363,337,435
4,8696,-10072,9708,-363,339,187
4,8628,-10140,9784,-250,259,161
4,8628,-10176,9772,-375,334,380
4,8480,-10176,9788,-387,312,477
4,8280,-10336,9756,-396,484,280
4,8748,-10352,9172,-343,802,87
4,8428,-10500,9780,-254,223,77
4,8904,-9760,9492,-251,-292,-803
4,8612,-9332,9380,-495,616,1001
4,8776,-10240,9824,-499,-299,-1067
4,9492,-10576,8672,356,2525,-5059
4,9124,-9984,9928,3922,-4515,5626
4,9388,-9748,11036,1513,-4071,1467
4,8440,-10572,11804,-3428,749,-894
4,9828,-9508,9896,-2835,4161,-8556
4,11112,-8888,8924,2464,-4167,3508
4,10296,-8236,9732,1672,-1307,1218
4,10812,-8776,9320,1142,-1411,-420
4,11524,-7372,9404,-1784,-290,561
4,11064,-9496,8740,-4047,441,-313
4,10440,-9716,8524,155,103,633
4,10876,-9532,8952,-98,-1367,1457
4,10388,-10236,9108,1126,-170,1339
4,11248,-9060,8504,-356,854,1820
4,10420,-9192,8848,-110,955,-208
4,10260,-9092,8620,-133,237,174
4,10332,-9552,9468,681,-101,346
4,10316,-9588,9780,909,397,-662
4,10272,-10140,9476,70,304,153
4,10036,-9692,8924,-112,329,-81
4,9972,-10708,9420,-450,-39,313
4,10124,-9612,8792,54,485,-273
4,10068,-10144,9120,-170,320,-121
4,9872,-10132,9480,78,427,-586
4,9948,-9852,9092,-469,149,63
4,10364,-10824,7752,2669,1159,-1849
4,9084,-9944,11036,4376,-1171,-948
4,10712,-8536,9232,1432,-383,-1219
4,10584,-7924,11308,310,605,-19
4,9748,-7884,10300,-807,-1247,-1492
4,10524,-7552,10248,-386,-184,-858
4,10712,-8324,11684,-52,-727,-1582
4,11024,-7164,9532,477,-2864,-3048
4,12280,-6628,8912,592,-518,-1761
4,12088,-5868,8972,-799,3682,4642
4,12356,-7728,9932,694,180,-1389
4,9116,-5940,7976,-1660,4043,2232
4,10688,-6624,12048,-2487,-7625,506
4,12116,-9352,10748,-5386,-7896,-3844
4,12384,-8644,6040,-5740,3370,-12738
4,14480,-4372,7232,-3296,549,-10547
4,15068,-3056,5248,194,-852,224
4,14712,-3152,12476,2855,6812,-4481
4,14768,-2880,7072,883,2479,-1591
4,14300,-3568,8336,-1538,126,81
4,13936,-3188,8932,-1318,-137,574
4,13864,-3596,8732,-831,712,459
4,13856,-4088,8720,-1849,-279,1170
4,13900,-4228,8436,-215,95,268
4,13732,-4212,8476,-664,142,1069
4,13656,-4632,8544,-433,-30,830
4,13892,-4476,8076,-1099,577,646
4,13488,-5544,8280,-636,105,215
4,13628,-4976,8168,217,-203,-22
4,13596,-4924,8272,-424,178,202
4,13588,-4884,8392,-187,275,-138
4,13848,-4928,8224,60,248,68
4,13784,-5072,8232,-264,74,-276
4,13708,-5128,8168,-204,237,-61
4,13880,-5064,8088,-116,-205,-287
4,13748,-5288,8188,312,-11,-396
4,13700,-4924,8188,-378,115,51
4,13724,-5028,8296,-381,-13,-143
4,13732,-4944,8116,-83,223,-148
4,13724,-4896,7964,-430,95,-87
4,13696,-4952,8092,-427,86,33
4,13828,-5020,8212,-335,51,-90
4,13872,-4836,8084,-177,99,-200
4,13764,-5116,8096,-246,254,-85
4,13692,-5012,8052,-378,145,52
4,13752,-5068,8176,-290,12,-96
4,13848,-5168,7996,-96,212,-130
4,13816,-5316,7904,-8,121,12
4,13724,-5112,8172,-161,169,269
4,13796,-5456,7508,-479,390,18
4,13828,-5348,7896,-181,203,-129
4,13872,-5276,7820,-306,223,20
4,13960,-5328,7992,-447,71,59
4,13756,-5380,7972,34,-53,-164
4,13736,-5136,7676,-23,6,83
4,14004,-5304,7572,-342,659,-166
4,13876,-5404,7780,-111,100,-138
4,13940,-5280,7832,-11,-231,-171
4,13884,-5652,7672,95,314,-518
4,14008,-4984,7904,-243,528,-611
4,13936,-5200,7944,-148,137,-636
4,13940,-4568,8088,137,419,-306
4,13916,-4768,7896,-482,314,22
4,14004,-4996,7996,-293,178,-121
4,14008,-4704,7924,-238,214,128
4,13892,-5176,8104,-246,370,2
4,14028,-4716,7992,-472,226,-28
4,13860,-5168,7916,-414,58,28
4,13964,-4968,7968,-304,298,-19
4,13900,-5096,7876,-194,257,-616
4,13872,-4944,8008,-205,289,-310
4,13868,-4988,8112,39,318,-578
4,13892,-4560,8232,-152,309,-297
4,13948,-4560,8084,-372,234,14
4,13864,-4668,8092,-387,70,40
4,13936,-4804,8316,-233,117,25
4,13956,-4764,8012,-151,129,-98
4,13912,-4688,8148,-70,303,-100
4,14024,-4552,7976,-144,258,-80
4,13920,-4716,8136,-153,227,-104
4,13788,-4768,8092,-193,252,-90
4,13940,-4704,7944,-234,175,-47
4,13952,-4720,8096,-219,196,-56
4,13936,-4744,8032,-197,179,-95
4,13936,-4852,7988,-127,239,22
4,13976,-4840,7980,-116,109,-649
4,13972,-4664,8064,-260,-96,-194
4,13916,-4584,7772,-335,63,-99
4,13932,-4976,7972,201,154,-105
4,14040,-4520,8060,-133,205,6
4,14000,-4528,7960,-94,329,103
4,14048,-4852,7940,-156,164,-98
4,14120,-4644,8000,-297,201,-83
4,14052,-4616,7984,-205,164,75
4,14108,-4676,7976,-152,203,-140
4,14072,-4724,7916,-157,193,-15
4,14020,-4580,8056,-245,137,-85
4,13916,-4692,8072,-128,117,-94
4,13980,-4712,8172,-75,151,-122
4,13980,-4588,8080,-227,238,-23
4,13944,-4728,8000,-211,201,-58
4,13964,-4744,8048,-155,279,-19
4,14020,-4636,7800,-226,229,-191
4,13960,-4688,8020,-277,180,-54
4,14008,-4684,7880,-159,101,-55
4,14080,-4588,7956,-272,195,-156
4,14004,-4876,8056,-270,54,-154
4,14108,-4748,8020,-350,122,-2
4,14100,-4704,7916,-359,45,-114
4,13928,-4796,7840,-111,86,-168
4,13912,-4668,8108,-300,120,-143
4,14196,-5404,8548,-522,-488,734
4,14088,-4732,7680,-726,-110,-486
4,14124,-5108,7484,-310,143,-26
4,14076,-4896,7656,159,83,-172
4,14168,-4392,7860,-244,-89,92
4,14064,-4740,7532,-501,184,54
4,14108,-4916,7696,-419,-271,130
4,14148,-4868,7408,-88,307,219
4,14128,-5128,7596,-214,202,485
4,14112,-4976,7784,-26,397,-30
4,14132,-5316,7284,-127,136,68
4,14092,-5104,7560,-146,81,5
4,14112,-5056,7756,-369,79,104
4,14032,-5252,7232,177,410,-554
4,14064,-4632,7692,-569,306,321
4,14036,-5144,7600,21,163,-95
4,14168,-4768,7928,-647,329,208
4,13888,-5344,7856,-372,260,106
4,14080,-4948,7620,300,382,-128
4,14000,-5416,7656,-404,70,333
4,14020,-4960,7552,-341,136,-44
4,13976,-5308,7732,-831,304,98
4,13900,-5612,7656,11,331,-675
4,13996,-4696,7936,-177,475,-99
4,13924,-5344,7844,425,359,-824
4,13872,-4848,7760,531,469,-685
4,13980,-5024,7972,-421,161,-12
4,13936,-4684,7704,539,284,-524
4,14104,-4540,7572,460,443,-542
4,13900,-5096,7676,1043,903,-1296
4,14484,-3200,8200,422,895,-1373
4,14056,-4220,8544,-1030,78,536
4,14440,-4720,7280,-138,643,-422
4,12808,-7148,7476,1171,1052,-5371
4,15344,-3596,7320,-990,-180,2993
4,15688,-2812,7408,-6809,-5385,8707
4,15044,-7076,4364,-3254,-754,5252
4,13720,-9248,6116,-139,-3788,3696
4,11232,-8688,7524,-1440,-3441,3263
4,12604,-10376,1220,-5249,-12758,-430
4,12812,-10076,576,-518,-6452,812
4,16672,-9564,-1748,4216,-1172,814
4,10752,-9244,3616,6524,29076,1861
4,10104,-11080,8600,1865,3103,960
4,9108,-10184,11972,-1913,-1543,1664
4,8672,-9328,8360,-3130,460,1833
4,10780,-10304,5068,-4813,3056,788
4,10564,-10212,8740,-2299,-29,359
4,10492,-11384,6588,-4212,-2305,35
4,10000,-11216,4868,-1642,6891,414
4,9716,-10844,2900,5747,2075,82
4,8520,-12384,14572,3933,6193,620
4,10488,-10884,5020,-148,14048,1262
4,5908,-9680,11964,1937,6287,-1222
4,7120,-11668,10432,-3583,10789,-4435
4,3656,-9468,9084,5390,7482,-1269
4,-1,-1,-1,-1,-1,-1
4,3456,-7424,14988,2493,1840,-3901
4,4848,-7488,13308,-1,-1,-1
4,1172,-10000,13272,1177,3289,-1795
4,2988,-4656,15800,-855,-6208,-1062
4,10156,-7964,14116,-395,-6233,1659
4,5736,-7712,14204,-1699,-4594,2328
4,7440,-8784,12552,-5870,-7467,171
4,8544,-11344,7812,-5826,-14629,2233
4,13284,-11440,1784,-1089,-15114,549
4,9912,-11760,4960,963,-20968,-3626
4,23316,-8932,-8548,8136,32767,7562
4,-20912,-4776,18028,19079,32767,10903
4,-3536,-7948,8888,5694,16112,13554
4,-12300,-5060,20044,-12347,-32768,-6405
4,2196,-5928,4420,-19773,-32768,-11803
4,16180,-5768,-5652,-13693,-32768,-1750
4,16676,-11232,-7572,1363,7572,359
4,15560,-10112,-4496,13318,32767,7909
4,-12728,-2696,428,22678,32767,24223
4,-7164,-10008,8168,-3411,-32768,16075
4,-11580,-4532,16460,-2199,-11568,1900
4,-10980,-5476,16276,-14136,-32768,-15464
4,7608,-7368,3848,-17323,-32768,-10623
4,12592,-9948,-2148,-9304,-30100,-5623
4,18376,-10116,-5848,-1248,-2109,-2168
4,15712,-9968,-2736,6749,29576,6742
4,5340,-8460,1220,16631,32767,13194
4,-14764,-5344,20100,8397,30522,10297
4,-8172,-6996,14472,589,10415,8745
4,-11460,-6572,17892,-8625,-22084,-6839
4,700,-5724,6372,-17362,-32768,-14161
4,14240,-10304,-6940,-20442,-32768,-2178
4,16360,-11316,-5788,-3375,-3514,-3644
4,19520,-8956,-8516,9877,30452,949
4,3676,-5292,-6104,21566,32767,18757
4,-27212,-2136,26776,8907,14933,6239
4,-13356,-5224,18104,3303,18575,4877
4,-10144,-5768,16352,-10363,-23461,-8926
4,5180,-4804,2280,-16294,-32768,-15730
4,13024,-9000,420,-11760,-32768,-4892
4,15880,-8576,-1816,-7361,-12604,-1800
4,17364,-8416,-5788,-3259,-486,603
4,22016,-8332,-11956,7329,32767,17980
4,-26904,-6156,9052,23954,32767,21535
4,-1160,-3660,9920,15519,-1206,11109
4,-11884,-1940,18632,-11139,-16114,-4709
4,-3024,-2532,7684,-23410,-32768,-18815
4,7504,-4304,-580,-17722,-32768,-14063
4,16492,-9784,-5928,-8794,-15504,-4540
4,15964,-9056,-6840,-2119,-3461,-611
4,19772,-8192,-9984,5041,17070,8885
4,8256,-4532,-14496,27148,32767,31324
4,-26464,-2024,27104,23300,-732,11971
4,-11976,-4244,18920,5221,10862,388
4,-7680,-5312,18080,-17010,-19913,-5865
4,3316,-7556,4428,-24332,-32768,-16081
4,12652,-11804,-1696,-17573,-31399,-11222
4,16588,-8852,-5696,-5304,-14737,-7648
4,18024,-8512,-7188,2681,83,-1454
4,18192,-8816,-7568,9750,31701,11328
4,3896,-7220,1032,16468,32767,18137
4,-4808,-7048,12020,16999,32767,14521
4,-6360,-5520,14560,316,-8553,1501
4,-9284,-6416,17692,-18405,-32768,-8564
4,6240,-10436,1520,-23262,-32768,-17592
4,13460,-9340,-4672,-12999,-31968,-12844
4,16280,-9048,-8604,-4020,-7600,-5634
4,17740,-9188,-9636,3960,7476,1428
4,15228,-6500,-8012,18156,32767,19986
4,-9436,-5412,6504,26342,32767,27749
4,-7492,-7216,13404,4388,-13612,1490
4,-10468,-6344,17424,-11268,-22097,-2661
4,-2160,-8172,11072,-17086,-32768,-12221
4,9288,-10224,2556,-14645,-32768,-13693
4,16260,-10028,-4536,-5424,-19163,-7098
4,15748,-9204,-3868,-435,7285,2036
4,15276,-10380,-3344,5176,16309,5246
4,10584,-6360,-12444,20337,32767,26144
4,-27048,-7212,27816,16090,11723,12583
4,-11600,-4992,14772,2970,4043,4867
4,-10524,-6348,16936,-13120,-32768,-10703
4,1564,-5980,6232,-20725,-32768,-16312
4,12596,-8068,-696,-11526,-32768,-9248
4,16712,-9372,-5800,-3060,-3978,-2312
4,16480,-10212,-4448,7594,25372,8327
4,11396,-8056,-5304,20653,32767,22731
4,-28116,-4168,21636,18394,32454,14081
4,-9704,-5520,13820,5879,9141,3037
4,-8568,-5488,17120,-9820,-17587,-6497
4,-152,-7284,8168,-24164,-32768,-11739
4,8628,-8740,2400,-19075,-32768,-12984
4,16624,-9464,-8660,-10625,-17777,-6075
4,16880,-8876,-8096,4055,15229,3253
4,15740,-8780,-5468,13177,32767,16586
4,-7804,-3620,3692,27690,32767,30721
4,-9252,-7196,11192,2943,-25521,4926
4,-10936,-7104,16072,-3751,-5363,-1480
4,-6428,-8664,16492,-13274,-30172,-10052
4,6616,-9700,6228,-16654,-32768,-9909
4,7104,-10816,4692,-11652,-32768,-11571
4,13256,-8112,-5196,-11505,-27966,-8842
4,16504,-8776,-10820,327,3737,64
4,12516,-9468,-4748,13515,32767,15531
4,5696,-9836,5864,14173,32767,14298
4,-5344,-8512,11444,16792,32767,18247
4,-11676,-7544,17436,3191,-5553,3393
4,-12040,-6584,18740,-10148,-20029,-4381
4,2516,-8696,8444,-22707,-32768,-14504
4,7304,-10180,648,-23279,-32768,-13744
4,13180,-8708,-6976,-14204,-21281,-10190
4,17072,-8444,-15732,-1519,6067,3553
4,12164,-10796,-7932,14512,32767,19246
4,2212,-8260,3564,23411,32767,19988
4,-19620,-5492,19288,19264,28919,21942
4,-8960,-6312,13752,1445,-992,2327
4,-7968,-6936,15772,-19310,-32768,-12345
4,3280,-7192,7664,-22791,-32768,-17112
4,9268,-10696,-176,-14840,-32768,-13925
4,15164,-8880,-9908,-7494,-17432,-8490
4,19896,-8644,-14680,5273,28259,11579
4,10580,-9760,-4128,17693,32767,28766
4,-4012,-8352,7092,30740,32767,28244
4,-10696,-4752,15276,4004,-10058,6645
4,-8612,-6732,15288,-7253,-7537,-5745
4,-3420,-8056,9724,-21196,-32768,-17767
4,7096,-9740,2804,-21697,-32768,-15588
4,12300,-8724,-5992,-13571,-32125,-11858
4,13560,-8048,-11092,-3947,-10882,-4872
4,17960,-8024,-15280,4836,20606,6007
4,6692,-7924,-4736,21011,32767,21448
4,-1168,-8588,12472,11674,23908,11772
4,-8920,-6584,14132,12437,32767,7843
4,-5264,-7456,13676,560,-2912,-210
4,-4044,-7052,12048,-6785,-10648,-2734
4,-4300,-9596,13048,-7650,-22989,-4680
4,396,-10348,12796,-17584,-32768,-12555
4,9680,-8976,1640,-22261,-32768,-13913
4,14948,-9444,-9092,-6143,-17434,-8733
4,15708,-8888,-8028,2922,9613,3113
4,15740,-9452,-7012,13553,32767,16681
4,1000,-6396,2764,27603,32767,26166
4,-15840,-6052,21064,15258,9559,8287
4,-8628,-7312,15764,-1147,-2486,-647
4,-4036,-7040,14180,-20509,-32768,-12224
4,8632,-10436,4984,-21998,-32768,-10247
4,11848,-10976,-1528,-15096,-27561,-9849
4,13544,-9820,-7044,-6144,-8944,-4102
4,15040,-9492,-8364,1190,6366,2447
4,14308,-9200,-5284,11565,32767,14587
4,1496,-8540,872,22246,32767,20735
4,-12632,-6760,20460,17114,11765,3023
4,-6728,-6752,16580,-2567,-4892,785
4,-8020,-5680,18056,-18201,-32768,-8008
4,7108,-8212,3764,-20832,-32768,-13550
4,13156,-10840,-3644,-14988,-23471,-5437
4,13804,-10588,-8500,-4954,-9229,-5767
4,16648,-9296,-8856,3702,11466,3274
4,6124,-9444,-1788,16093,32767,24914
4,-4968,-10876,7532,30709,32767,23733
4,-5880,-8080,13972,5888,-8747,2583
4,-8872,-7192,19576,-9258,-20371,-6951
4,1760,-5720,10472,-17575,-32768,-13138
4,9284,-10884,1364,-20413,-32768,-12972
4,14772,-9124,-9964,-9870,-24968,-9994
4,15336,-6972,-11808,2088,5502,1515
4,15940,-8264,-8304,13327,32767,15621
4,4140,-6076,-3512,32767,32767,26474
4,-20924,-3164,25764,17867,-7239,-5107
4,-9276,-4104,19532,-1637,-8879,-3110
4,-6020,-6804,16144,-12166,-20248,-3263
4,2976,-8112,7264,-22889,-32768,-9333
4,11940,-12048,-916,-12379,-26625,-10110
4,14400,-10888,-3564,-1216,-5960,-4591
4,14020,-9492,-2732,3281,8572,3137
4,13480,-9580,1516,8421,19157,7513
4,6620,-8840,2684,20089,32767,17455
4,-24732,-4004,25740,19022,27644,8915
4,-10076,-5032,15932,-3855,-3544,1242
4,-2636,-6808,13048,-16128,-32768,-9391
4,6188,-8860,9080,-20349,-32768,-8427
4,11088,-12716,3128,-9976,-20590,-7210
4,12664,-10608,-2348,-6671,-16897,-6210
4,20208,-11060,-9844,7238,15095,2117
4,8656,-7644,-6432,28096,32767,14877
4,-17532,-3176,23268,9790,32028,11275
4,-6716,-6148,15180,-6472,-3176,4044
4,-7680,-6616,15864,-19895,-32768,-7307
4,5484,-8476,5844,-20962,-32768,-14234
4,11088,-11884,-240,-13739,-31872,-15070
4,16212,-8972,-10324,-8308,-13361,-4691
4,14460,-9004,-9576,3016,153,-971
4,18072,-6724,-16096,19468,32767,21269
4,-20108,-4724,11740,23186,32767,29008
4,-2120,-6492,9928,4410,-1997,5043
4,-10036,-8296,15388,-7071,-14303,-1739
4,-1588,-7168,7448,-21968,-32768,-13369
4,9460,-10308,-944,-19110,-32768,-10304
4,14948,-10748,-8288,-6213,-19722,-8269
4,15932,-9364,-9256,1841,8743,472
4,15940,-8684,-7148,7825,29945,9445
4,11276,-11476,-2080,16458,32767,18116
4,-14776,-6004,16540,24299,32767,20374
4,-4212,-7796,9892,5712,-4949,1819
4,-8504,-5536,17756,-7295,-11904,-3362
4,-1956,-6432,8368,-25556,-32768,-14337
4,8804,-12160,3084,-17538,-28336,-11090
4,14900,-10524,-5016,-8961,-20582,-6103
4,16676,-11408,-6032,4293,10895,2106
4,11236,-11476,-744,15198,32767,13138
4,-212,-7440,7476,22400,32767,18909
4,-19340,-8744,21228,12220,8874,8441
4,-9760,-6028,15136,-102,353,-120
4,-7936,-6304,16200,-15245,-32768,-11873
4,8744,-8932,3164,-20403,-32768,-12954
4,12604,-11624,1280,-9901,-19761,-5941
4,14892,-11436,-1204,-2325,-8707,-2821
4,18504,-9620,-5452,4345,24175,9068
4,5300,-9048,608,15156,32767,21305
4,-20880,-7772,21452,18431,20731,12591
4,-11480,-5676,16992,6526,9465,5107
4,-6668,-5584,15920,-6879,-8541,-4478
4,-2392,-6096,9276,-24090,-32768,-15754
4,7148,-7768,1448,-20127,-32768,-12766
4,13116,-10744,-4340,-5623,-20007,-8496
4,16012,-10020,-5276,1588,-484,-1780
4,17100,-11192,-7176,8756,30270,13292
4,-104,-3316,-10172,31276,32767,26099
4,-13412,-7768,13152,14223,-30718,7627
4,-11464,-4188,20100,-4067,-2829,113
4,-8996,-6084,18516,-19978,-32768,-12242
4,6992,-9464,2076,-25820,-32768,-17014
4,13392,-12532,-3748,-13490,-31795,-10011
4,14972,-9756,-4180,-4005,-4118,-4135
4,12764,-9160,-5636,-3898,-9984,-1496
4,14096,-8952,-11008,-4165,820,3752
4,16364,-9300,-11792,9072,32767,21442
4,-3380,-5848,-484,29229,32767,32767
4,-3456,-4244,9816,19104,3561,5390
4,-13428,-6216,18856,6192,7912,12222
4,-10456,-5236,18164,-20838,-30812,-8217
4,2404,-6728,5896,-26135,-32768,-22542
4,9236,-10276,-104,-20395,-32768,-15974
4,17076,-10152,-8196,-5490,-18479,-10454
4,19504,-7756,-10408,4155,17887,5841
4,15172,-7660,-5992,13425,32767,21386
4,-544,-8156,5956,19108,32767,24216
4,-8264,-6624,14824,13295,12536,11795
4,-9260,-5824,15604,5802,109,7933
4,-10360,-5788,17572,-20855,-32768,-13592
4,4464,-6256,6064,-27246,-32768,-16151
4,9040,-11140,-508,-16477,-32336,-13983
4,15320,-7964,-8268,-6756,-20791,-10489
4,15796,-8268,-13340,43,3641,1054
4,15520,-8076,-9580,8018,23382,11220
4,10452,-8972,-3400,18001,32767,23717
4,-3696,-8812,9584,23897,32767,24044
4,-7808,-2152,15708,12577,4320,-908
4,-10500,-5652,17064,-179,-1792,4390
4,-9824,-5712,16504,-24200,-32768,-11949
4,6444,-5840,3964,-24839,-32768,-18172
4,11568,-8136,-6260,-14789,-32768,-12030
4,13116,-7404,-15328,-6875,-23081,-6460
4,15876,-8584,-16268,6385,21174,4032
4,6364,-5356,-13052,25448,32767,26877
4,-13948,-5500,17272,20311,32767,24071
4,-7500,-8176,10560,2102,725,8325
4,-7772,-7048,14872,-9373,-20457,-7869
4,1812,-4816,7292,-21124,-32768,-15724
4,11068,-10884,1676,-6152,-21561,-9622
4,12456,-9092,1176,-3598,-14208,-6705
4,14056,-11212,-1000,929,6620,1796
4,13884,-10328,-1672,6494,32767,11580
4,2236,-8072,552,17664,32767,25336
4,-8932,-8044,12312,7007,-6037,3083
4,-8664,-8240,15376,-3885,-5665,-878
4,-5704,-9632,13624,-13538,-32768,-11384
4,5120,-10088,5644,-15807,-32768,-16624
4,12244,-10776,-1288,-6875,-28826,-9391
4,16696,-10372,-4224,1265,4338,-722
4,13016,-11328,-1616,5766,29098,9984
4,9080,-10356,-1652,13715,32767,16088
4,-6120,-7124,11700,19359,32767,15269
4,-10372,-5100,14752,3720,-5118,1300
4,-6620,-6508,13820,-4294,-8048,-4129
4,-6940,-7216,15216,-18384,-32768,-8504
4,7628,-8596,7728,-16232,-32768,-13232
4,9860,-12364,5136,-6484,-10607,-5894
4,14748,-10080,-1024,-726,-15007,-4959
4,16724,-10940,-2512,7498,25563,11895
4,-7200,-4284,4284,24845,32767,24894
4,-6676,-8296,11196,7078,-5741,3846
4,-8940,-6516,15780,-1930,-3963,535
4,-9700,-6352,17548,-8900,-14638,-5688
4,4280,-7472,8324,-16193,-32764,-15736
4,8064,-11232,7252,-16320,-25875,-10197
4,12548,-11492,1088,-8543,-16073,-7345
4,15280,-10812,-2772,-15,-774,-277
4,14088,-11360,664,3472,14532,8101
4,11984,-8696,1308,13957,32767,15674
4,-9768,-4856,15972,18286,32767,18267
4,-8828,-8604,12624,-6491,-3379,4693
4,-600,-9236,8856,-18642,-32768,-18719
4,7460,-8980,5280,-16454,-21027,-17611
4,12044,-10208,-896,-8134,-18904,-13662
4,16768,-10632,-5276,748,-4978,-3750
4,15004,-10728,-3800,5068,27997,15412
4,3408,-9148,2408,17416,32767,24453
4,-2312,-9432,13932,9919,3138,8555
4,-8204,-9164,15216,5243,-1561,534
4,-4784,-8748,15856,-8720,-13165,-5679
4,6464,-11352,6800,-10638,-23712,-11372
4,7532,-12328,8756,-6766,-23309,-13446
4,14292,-9172,-752,-5221,-21863,-10855
4,15860,-8820,-2204,631,8874,4252
4,11928,-10572,2468,5068,26399,16138
4,2084,-7936,3628,14600,32767,25984
4,-3220,-10084,13796,5576,1069,5384
4,-5284,-11080,14144,-2277,-8428,-5661
4,4544,-10160,9428,-8128,-31391,-16432
4,10184,-10588,7224,-6418,-13556,-6579
4,12088,-11032,1952,-5757,-25969,-13038
4,15696,-8372,-4532,-3509,-5797,-3228
4,16404,-9852,-3472,2284,16260,8181
4,15424,-10124,-3600,9596,32767,21982
4,-7056,-14544,22916,9258,-1822,8805
4,-6016,-11196,13780,2163,2029,3306
4,-4788,-9064,13800,-4247,-9247,-4499
4,2892,-10252,11936,-11498,-32768,-13063
4,9132,-11444,5868,-10983,-30566,-12140
4,11064,-14748,-7124,-10238,-32768,-8076
4,14424,-8708,-5972,-1641,-3960,-2224
4,15344,-9748,-4828,5232,32767,15724
4,7444,-10588,-2780,20815,32767,25130
4,-5140,-7808,19384,8619,-12790,5391
4,-6896,-9080,15448,412,-549,-2152
4,-3156,-7956,14556,-4518,-6432,-2573
4,2888,-11176,8800,-17127,-32768,-11183
4,7244,-11620,5028,-11985,-32768,-14477
4,13084,-8868,-6432,-6463,-22832,-7364
4,15600,-8668,-8756,-794,-347,-1568
4,14112,-8908,-2124,2256,22380,11537
4,7836,-10404,1836,6254,32767,18465
4,-2008,-10428,8340,19700,32767,23087
4,-4084,-10192,12220,3903,-111,3002
4,-3868,-9720,12404,-1084,-5094,-3913
4,-4136,-10332,14032,-8548,-26134,-6460
4,6580,-11332,9512,-9969,-28683,-14991
4,9688,-11140,280,-6960,-32768,-15529
4,16388,-9332,-7184,-2651,-8692,-2949
4,15540,-9076,-3792,1575,14425,6973
4,8084,-9912,3064,6957,32767,18133
4,1096,-10832,6988,15077,32767,20878
4,-6996,-10052,14832,1266,-1008,1577
4,-3156,-11328,12768,-5650,-9799,-7570
4,3776,-12344,9672,-8888,-20819,-12522
4,7892,-12400,5900,-7579,-27974,-11021
4,11824,-9744,-2220,-5458,-31227,-12803
4,15572,-9132,-5244,-284,-3678,-1334
4,13612,-9912,472,735,13351,6848
4,10824,-10656,-68,6092,32767,17494
4,-10908,-11268,16052,23169,32767,20373
4,-3780,-8296,15040,1576,955,-3453
4,-1532,-9804,11656,-15932,-32768,-14066
4,7752,-11960,6880,-10308,-30739,-12504
4,10736,-8412,-468,-6912,-32768,-15461
4,15024,-8228,-6804,-1290,3412,1246
4,14612,-10804,-3236,3105,23996,10241
4,11140,-9600,-4232,13835,32767,23435
4,-13600,-11752,23980,15900,28857,15707
4,-9644,-11332,13764,1384,5792,3413
4,-6736,-9552,13996,-7389,-10260,-4981
4,2960,-11940,7100,-15547,-32768,-18823
4,7920,-10764,-1400,-11551,-32768,-19664
4,14732,-9312,-8464,-3256,-10712,-5421
4,15264,-10756,-5244,1810,13777,4611
4,11692,-11132,-2172,9516,32767,20785
4,-2756,-9840,4840,24890,32767,22408
4,-5300,-9976,11804,9599,2739,-8285
4,-1620,-7356,12472,-2229,-4618,-2690
4,-3576,-9548,13596,-12349,-29175,-3815
4,4764,-11664,7392,-11607,-32768,-12547
4,12872,-10252,-2384,-9216,-32768,-13060
4,14944,-8088,-9532,-4420,-7057,-2792
4,16044,-9216,-8064,204,9992,2528
4,14652,-11360,-6008,6027,28604,13395
4,9820,-10192,-5836,17654,32767,24921
4,-8784,-10396,20824,14002,-2385,6690
4,-6132,-10416,14140,-4429,-7195,-4351
4,-1196,-11188,13628,-7681,-22194,-8551
4,8820,-11712,7772,-12459,-25460,-9801
4,10340,-11368,4124,-11014,-32768,-13688
4,13204,-8952,-6488,-4812,-18781,-5881
4,15428,-9788,-7184,2459,13309,1827
4,12284,-9180,-1372,6725,28597,13523
4,1456,-9120,3656,24405,32767,26772
4,-3236,-8380,13956,7547,-5743,2445
4,-1216,-9828,14276,-4606,-8330,-7911
4,2576,-9824,9332,-15676,-32768,-11051
4,6260,-11468,2660,-15612,-32768,-14432
4,16256,-9400,-10940,-6698,-21553,-5581
4,15256,-8340,-10472,580,6853,1112
4,16268,-10848,-7696,5249,28312,11277
4,6044,-7976,-260,18054,32767,24735
4,-8824,-13236,20584,13041,8345,4772
4,-6220,-9160,15292,610,-1237,55
4,-4908,-10368,16084,-7226,-15519,-5630
4,7336,-10592,6076,-14376,-32768,-12042
4,10284,-13472,-140,-10391,-31700,-12546
4,16352,-9308,-8060,-4574,-14431,-5365
4,12916,-10560,-4140,1464,7975,1786
4,14688,-11368,-3072,6396,26486,10771
4,7092,-9692,-680,18215,32767,24276
4,-8532,-10432,20304,14306,13666,11184
4,-7980,-9108,12824,2625,1232,-1846
4,-4732,-8616,14408,-2007,-6566,-3582
4,-984,-9764,13432,-15716,-31264,-12100
4,4936,-11356,3504,-17887,-32768,-17536
4,14100,-8024,-5884,-7930,-32768,-12018
4,14700,-9100,-9828,-801,-308,-797
4,16004,-9216,-6404,3696,21126,9910
4,7200,-11740,2056,13424,32767,18198
4,-24,-10760,12088,16655,26612,15091
4,-9272,-9728,17984,-224,3928,2350
4,-3664,-11084,15260,-4654,-8852,-6225
4,7684,-11520,5332,-20015,-32768,-11509
4,8940,-12020,-1176,-9712,-29555,-12281
4,15784,-10180,-6140,-5234,-18788,-7141
4,11892,-12312,-2700,2468,19169,6565
4,8592,-11128,872,9681,32767,13819
4,1100,-11860,7988,17608,32767,14512
4,-568,-11128,14032,14398,23940,8827
4,-1828,-10628,13284,-2048,923,1633
4,-1800,-9604,13284,-445,-65,743
4,-7096,-10192,16632,-10448,-15069,-8143
4,6940,-12864,6060,-18757,-32768,-15964
4,9280,-11852,1108,-10434,-28012,-12859
4,12932,-10188,-5440,-4903,-16135,-7458
4,15300,-9008,-7732,-497,5303,2200
4,13784,-11312,-6244,5239,29425,12981
4,7404,-10524,4532,18379,28291,16580
4,-2088,-11492,13152,13146,25554,13624
4,-4020,-10212,13916,-2753,-5917,-597
4,1548,-10992,9888,-15030,-28474,-10881
4,8432,-13424,4368,-12219,-29858,-11254
4,10528,-10748,884,-8545,-31888,-12074
4,12772,-10608,-6164,-4113,-1742,-1591
4,14584,-10032,-4800,196,8053,1940
4,10536,-11824,-936,-2526,150,-331
4,13104,-11636,-2404,2732,14999,7817
4,12468,-11096,-2756,13053,32767,18550
4,-1128,-12132,11088,22269,32767,19248
4,-4352,-8100,12596,2108,-6836,-386
4,-2676,-9708,15604,-12005,-25639,-11363
4,8144,-11704,7116,-15116,-31381,-7238
4,10048,-12112,-1304,-11056,-25416,-10468
4,14952,-9116,-6736,-4028,-8117,-3094
4,12828,-10632,-4312,-431,2133,505
4,12584,-11892,-2196,739,4425,2535
4,10968,-11184,-2080,-23,1653,1361
4,12316,-12048,-1684,-808,-1579,-1424
4,12280,-12456,-2528,6650,25089,8528
4,11740,-11520,-6548,31634,32767,19292
4,-8268,-5088,25152,14335,-8982,2752
4,-5380,-9684,18312,-12956,-11099,-2544
4,3272,-10304,9180,-23370,-32768,-4627
4,6956,-11260,2392,-11361,-26288,-10584
4,12092,-9636,-4096,-10429,-10762,-6922
4,13024,-10604,-8492,-2957,6,-3889
4,16032,-10952,-6652,2688,16208,7961
4,9020,-12456,2976,3037,7107,4598
4,8616,-12024,872,15034,32767,17057
4,-3212,-10512,13740,16040,18652,14267
4,-820,-10772,14912,1725,389,-1597
4,-872,-10912,13388,-3239,-3409,-1302
4,-504,-11200,10440,-19316,-32768,-16607
4,9384,-9248,128,-12987,-32768,-21012
4,13420,-8584,-7612,-3667,-10762,-5606
4,14464,-10024,-7704,214,-964,-1157
4,14124,-9368,-6640,2672,13974,7302
4,13748,-11744,-5456,4868,21562,10642
4,9824,-11864,996,15315,31313,16806
4,-13560,-13508,17552,32767,32767,9729
4,-5688,-7716,17400,2868,752,-2582
4,-420,-7416,14592,-9029,-10695,-1283
4,2716,-8780,11364,-23361,-32768,-8609
4,10156,-14768,-1224,-21443,-32768,-8211
4,13624,-10268,-11232,-6368,-13947,-6071
4,14360,-8924,-8376,780,1959,-539
4,12240,-12204,-3600,6386,25750,9150
4,8440,-13808,5196,17430,21529,10532
4,6380,-10704,3356,18564,32767,13202
4,-9928,-8628,21540,10426,-3279,2679
4,-3464,-9012,15884,-3308,-4851,-4139
4,1492,-10244,12548,-15079,-32768,-11053
4,7240,-10444,1456,-19094,-32768,-12927
4,14128,-10192,-10216,-11938,-23262,-6440
4,13712,-8944,-11420,-681,2636,-276
4,13288,-11716,-7344,3059,29318,8504
4,12420,-8628,-11084,24241,32767,22140
4,-20984,-13312,27164,19051,16657,9991
4,-8856,-10072,14312,-2283,-3985,-2741
4,-5064,-9276,16632,-9332,-18276,-5054
4,5808,-12184,6172,-14470,-32768,-15506
4,12772,-10464,-2252,-13217,-32768,-14045
4,14784,-10732,-12352,-4957,-11897,-3216
4,16004,-8952,-8472,2416,11980,4794
4,12716,-10976,-4512,8342,29238,13532
4,-6148,-1784,1360,32767,32767,32767
4,-6804,-7232,10020,-6305,-481,602
4,-2564,-8668,12408,-4800,-10318,-6972
4,2024,-10404,10496,-13537,-29955,-7770
4,7376,-13304,8116,-7876,-12906,-6748
4,7076,-12328,7524,-7542,-12498,-4681
4,8284,-12464,768,-10123,-32768,-11003
4,15036,-10908,-10420,-2454,-21237,-2025
4,15432,-7360,-12948,-800,6132,2139
4,10496,-11724,-1736,8195,23528,6664
4,8552,-9792,2368,11350,32220,14311
4,-2296,-12136,13816,16287,27103,14186
4,-2620,-9888,13736,-699,1342,1391
4,-4132,-11640,16216,-14057,-27236,-12100
4,6520,-10768,5516,-15751,-32768,-12027
4,11096,-11820,-2456,-9859,-25725,-8301
4,13596,-10708,-6824,-2610,-3484,-2702
4,13608,-13568,-5780,276,25554,9470
4,9312,-11592,-3852,21191,32767,18263
4,-11004,-10964,18832,21157,29502,10232
4,-4156,-10408,14656,-2623,-1437,-3301
4,-1700,-9044,13152,-18127,-32768,-11762
4,3548,-11872,4296,-20644,-32768,-16589
4,13776,-9768,-9008,-8733,-24301,-9084
4,12828,-10104,-9952,-2120,-2433,-1281
4,17024,-13140,-13788,5567,32141,12661
4,-496,-5628,-9188,32767,32767,32767
4,-10768,-316,21840,551,-16302,-514
4,-1804,-9476,12220,-6584,-17643,-10686
4,2812,-9944,6700,-19547,-32768,-12325
4,8684,-11148,-940,-18887,-32768,-14587
4,14784,-9692,-14076,-8296,-15333,-4136
4,15652,-8856,-11700,3231,10681,3420
4,11424,-10780,-4076,10112,29951,11753
4,4884,-11708,6768,17599,24505,9045
4,-2616,-9644,11940,21837,32767,10796
4,-5740,-7644,17096,-3870,-5555,-1846
4,-3172,-7608,17248,-17159,-32768,-10520
4,5032,-11048,3080,-20860,-32768,-14696
4,14024,-10528,-7424,-10563,-32699,-10713
4,16592,-8112,-16324,1075,9109,2323
4,14340,-10664,-7628,8229,27419,12118
4,6780,-10764,-2424,31972,32767,15932
4,-18908,-3424,27896,24052,32767,1745
4,-5348,-5132,18164,-5775,68,-4139
4,-4624,-7560,14248,-22880,-32768,-10784
4,8040,-11000,-1340,-21706,-32768,-12255
4,15112,-11960,-5684,-5303,-6515,-5421
4,12048,-12912,-2696,-1024,18271,3732
4,12232,-10828,956,2667,7620,-873
4,12468,-10824,2168,1015,1824,-2358
4,12148,-11836,3440,339,1605,-1373
4,13428,-10764,2408,-511,594,-1254
4,13492,-10344,2712,-60,1144,68
5,12372,-10112,3792,515,2643,234
5,11840,-11096,3624,2231,8353,1363
5,8692,-11380,7376,3646,5229,-700
5,12480,-11480,5832,6293,1507,-300
5,11740,-9204,7736,12812,3396,1241
5,10988,-7064,12148,3672,8755,1383
5,9636,-6292,14128,-3780,-1093,-192
5,9864,-8128,10656,-2534,4191,-2394
5,8688,-8848,11564,-814,1248,-2207
5,9272,-9700,11320,623,-332,-4281
5,9652,-6488,10896,-1417,-837,-732
5,10504,-8700,9068,34,-1877,3910
5,9484,-8612,10300,432,-2094,482
5,10088,-8060,9896,1444,1373,-1173
5,10908,-8028,10352,-147,-711,-4382
5,10168,-8480,10780,-1089,-260,767
5,11668,-8916,8112,-1064,-2004,250
5,10992,-8392,9676,-466,296,204
5,11032,-8576,9480,-150,-804,803
5,10992,-8696,8712,-542,-726,268
5,10732,-8572,9796,-515,-1664,597
5,11192,-9500,8684,-698,-7545,5538
5,11784,-9624,6964,1432,-2458,441
5,10704,-8564,8764,-225,500,-636
5,10808,-7844,7964,160,1422,-768
5,11268,-7076,9440,-569,6392,-4391
5,10952,-7168,8216,-3471,-3634,4528
5,11136,-8528,7812,-619,-150,-458
5,11112,-10008,8964,-70,1213,1235
5,10824,-9236,8256,-520,720,1022
5,10884,-9840,8684,-159,650,365
5,10800,-9624,8484,-45,67,-196
5,10720,-9128,7784,-1980,-2216,1003
5,10948,-9360,6152,-407,1400,-4698
5,10472,-7948,10108,2940,3885,-1490
5,11324,-12004,7516,-2331,-738,3899
5,10856,-9668,7832,-745,768,1452
5,10492,-11228,9132,1030,720,-1672
5,11284,-8392,9228,1752,4552,-1969
5,11180,-10476,7080,-1584,-757,2839
5,10116,-11352,9036,-982,-817,-520
5,10704,-9868,7584,1635,2658,-2878
5,9336,-10260,7716,-3387,-2347,4589
5,9692,-10272,8956,-1837,-628,1151
5,10064,-11676,8980,1928,442,-2947
5,10920,-9396,8488,2955,6247,-4135
5,10880,-11172,6548,-2439,-4474,4053
5,10608,-11144,7424,1424,1517,-3194
5,9868,-9356,10340,1969,3048,-2413
5,10636,-10816,7408,-1905,-2843,2446
5,9852,-10012,9544,-665,-336,-552
5,10364,-11364,8324,1578,355,-3213
5,10308,-9388,9780,2674,3780,-3594
5,10668,-11480,4728,-1738,-2828,2743
5,10916,-10216,7640,1014,1084,-2718
5,9732,-9156,10576,2093,2182,-2737
5,9828,-11224,7728,-3267,-5726,2690
5,10024,-10972,8764,-390,-318,-188
5,10760,-9352,7340,3451,2941,-1306
5,8708,-8668,11592,3674,2317,-3550
5,10032,-8072,9600,-8612,-2811,1543
5,10684,-9976,7776,-2078,84,-28
5,11736,-9988,8376,2068,-357,951
5,10856,-9052,10288,3168,2295,-438
5,10380,-9988,9896,-3030,-2362,1483
5,10792,-9728,9068,311,1619,-1413
5,10064,-9116,8520,-2441,-2646,2236
5,10508,-9728,9892,-336,-157,-473
5,10484,-10708,8668,-769,-1246,1368
5,10800,-11656,8596,-249,-75,-3327
5,11288,-7828,10228,2251,6281,-2485
5,10404,-10292,7396,-4004,-5476,3196
5,11216,-9944,7108,535,409,-1324
5,10772,-9832,8612,803,12,-2293
5,11344,-9200,9392,430,234,-785
5,11020,-9512,9040,825,2917,-2624
5,10944,-5636,12000,-1382,-562,2353
5,9848,-10300,9828,681,-1279,4085
5,9588,-9932,7768,-2017,-1063,-7078
5,12680,-8652,9300,-382,-5521,7696
5,10864,-9936,7880,1223,2609,-2106
5,10680,-7800,9100,-447,418,-781
5,11024,-8564,9028,-536,211,111
5,11088,-9248,9400,-750,346,-1089
5,11196,-7600,9416,-854,507,1625
5,11056,-9940,8944,1087,-5470,6315
5,10524,-10748,8220,1754,802,-1399
5,12376,-7092,7052,-1009,5031,-5345
5,11092,-8700,8664,-391,-491,-251
5,11744,-6972,8228,-686,-798,2566
5,11256,-8472,8460,293,-2249,2009
5,11500,-9552,8768,1081,-1360,520
5,10980,-9496,8200,1913,1065,-2259
5,11312,-9152,8340,-2715,1006,-5966
5,11876,-5116,14292,-1006,-1537,5530
5,12376,-11476,4704,2631,2176,6911
5,10352,-8344,8436,-2604,-3087,-9964
5,14460,-6508,4220,-1792,-7997,11696
5,11584,-10404,8960,1403,2242,-4098
5,11684,-2560,11468,-1482,2005,-1393
5,11692,-12976,8432,2462,2131,4979
5,12664,-7052,4096,-3830,1933,-9273
5,10412,-10696,8960,1873,154,9329
5,11072,-7060,4640,-3449,-2272,-8850
5,11628,-7372,8068,848,330,13059
5,11216,-6680,10616,-3379,-4396,-9484
5,12184,-9392,4224,-896,-2837,11407
5,12420,-8520,10128,-979,-1029,-6906
5,12104,-8348,6820,681,2395,2301
5,10936,-12952,9464,-1029,-390,-1785
5,12768,-7804,6860,2053,6441,-4285
5,11276,-9932,10216,641,-3891,1562
5,11320,-11736,5952,1877,-2506,7961
5,12640,-10948,14680,-3318,-939,-10041
5,17052,-8732,8416,-2066,-9291,12152
5,8424,-10604,10116,3149,2638,-5386
5,9112,784,13480,-5016,8520,-4586
5,8868,-10360,8168,6959,-1289,4063
5,10640,-4980,4368,-3788,10006,-12865
5,9876,-12236,8104,9960,149,8288
5,15180,-8228,3852,-5788,-293,-12684
5,12692,-11232,5456,2544,-489,8989
5,13876,-6216,20060,-9411,-2453,-11175
5,15216,-7244,3392,-812,-5310,12600
5,10500,-9552,9104,2179,5241,-8032
5,13660,-3056,7648,-5336,-4076,9600
5,10492,-12052,9596,4236,969,-4079
5,13544,-4236,9080,-2400,3577,-2532
5,9864,-11608,8764,3360,-248,-430
5,13188,-7132,7132,-1943,5269,-5949
5,10160,-12224,8572,2951,71,4825
5,10732,-10260,4140,-2978,1024,-7424
5,11440,-11120,7828,3047,-3287,6296
5,10948,-8996,9680,-3554,-4013,-7531
5,13144,-8312,4916,-685,-755,7011
5,11336,-8752,7348,-699,1089,3162
5,9868,-12016,9120,2700,312,-1462
5,11996,-6724,4840,54,3474,-7233
5,11956,-9608,9084,1397,-116,7078
5,12908,-6664,16464,-3189,-2147,-8620
5,11560,-7040,6672,-1533,-3347,8459
5,11168,-12464,9080,1711,1185,-1707
5,12828,-7800,6584,-21,1507,-5480
5,12076,-10612,8268,-942,-851,5960
5,11212,-7888,10648,-4650,-3233,-4245
5,12268,-9020,6004,-820,-1152,6017
5,11296,-12588,8524,2174,1045,-3684
5,11864,-7624,6664,731,2177,-2859
5,11476,-12728,6808,542,695,3954
5,10148,-8808,6772,-3726,-4061,-2689
5,10668,-10272,6048,-480,717,5820
5,11668,-9476,8792,1491,2049,-5973
5,11196,-5520,9624,-1298,-881,4371
5,10304,-12060,9604,840,904,-1666
5,11928,-7396,7180,-278,1302,-1454
5,11028,-12140,7892,274,1891,3947
5,11816,-9192,9936,-344,-385,-3367
5,10576,-4604,11020,-1658,-757,3356
5,9888,-11484,8728,1721,709,-12
5,11932,-6092,8056,-1565,2778,-4356
5,12028,-10520,7676,-134,953,6712
5,10800,-8764,6080,-2847,-3527,-5982
5,12368,-8872,5444,-580,-564,8423
5,10128,-10840,8520,2150,1369,-6639
5,11328,-6708,9464,-49,1193,2435
5,9232,-12856,10944,1065,1333,-479
5,11564,-6848,7396,-914,1214,-3243
5,12232,-10672,8464,-748,1989,5258
5,11280,-6444,9900,-3936,-4868,-4508
5,11656,-9520,3888,-195,-300,6805
5,10036,-11308,7968,2241,968,-6838
5,11496,-8088,7608,2253,2395,1449
5,9896,-13624,10080,1135,1277,-423
5,11256,-7308,7204,5,308,-3639
5,11840,-11996,8904,-1325,2138,5250
5,10772,-7140,6396,-3993,-3362,-2851
5,10724,-9764,5968,-129,-184,6320
5,12176,-9028,14360,-1885,-1469,-5429
5,11564,-5900,9788,-1524,-2021,6447
5,10144,-13552,8892,1871,665,-3752
5,10800,-7508,7132,-285,1799,2494
5,10560,-10256,9120,415,804,-979
5,10764,-10172,9476,778,895,-385
5,10908,-9644,7428,217,2526,949
5,9800,-8620,9720,2468,726,-4118
5,10200,-10752,7604,-4529,-5563,3445
5,10516,-6948,8068,-1184,-2325,-2000
5,12276,-7024,10728,-546,-8339,825
5,12632,-7756,5372,-4716,-2230,2909
5,8884,-10864,5388,-2950,10935,-351
5,15140,-10024,6968,4459,8127,-3529
5,8108,-10548,7396,993,317,3160
5,7660,-10408,8344,3274,1689,705
5,8384,-10364,9408,3246,-2210,-397
5,10348,-9176,10136,2010,-5836,-1424
5,9932,-8120,11032,910,-3571,-384
5,10144,-6256,11168,1849,-315,737
5,11692,-7276,8916,-592,-1711,-1257
5,12336,-7888,9816,252,-271,1330
5,11964,-8704,8336,136,-1685,217
5,12048,-6728,8960,2141,-310,-503
5,12556,-8116,8956,-60,-1568,-453
5,11076,-7600,8064,-165,646,-202
5,12904,-6908,9908,98,440,-1051
5,12424,-8380,6772,-2453,-2375,-858
5,13176,-7648,8868,-12,172,987
5,12664,-6880,9368,-3212,1894,4253
5,11416,-8960,6944,-3408,3059,3355
5,10892,-12860,8820,-718,4495,1781
5,10448,-12256,8068,-2146,2459,2605
5,8744,-11508,8792,-2100,3151,4072
5,8416,-12012,8644,-1455,487,2534
5,9372,-11816,8072,224,2254,2853
5,7540,-9688,9220,-2494,801,181
5,7228,-10220,8432,-1187,2403,-2102
5,7800,-12056,7020,907,-2204,-8636
5,9684,-8688,8652,2801,388,-5677
5,9968,-10552,8132,441,-268,-2756
5,10472,-9496,8872,2768,1489,-78
5,12500,-6648,10444,2269,497,-17
5,8676,-6608,9668,-2682,-3930,2139
5,12820,-8388,7304,-264,2674,83
5,8888,-13800,7904,-3096,-3091,5621
5,10612,-13728,10448,9058,8893,-5973
5,9228,-4616,13244,277,6037,-9327
5,10528,-9188,7944,-2613,1717,-1112
5,13092,-7376,13488,-724,-145,5834
5,7356,-13296,9388,-6075,-5695,14520
5,5328,-8480,7808,1234,1711,-5252
5,10492,-6228,7776,4846,-2026,-10789
5,11536,-10044,10536,698,3531,2030
5,11972,-8040,9116,-754,2219,762
5,9116,-9692,12212,2670,7316,-1602
5,10256,-9324,10096,-316,-1006,-131
5,9392,-9608,11224,352,747,-310
5,12508,-7084,11528,3431,-3068,-1680
5,9468,-4220,10940,626,766,-1593
5,9040,-7612,11220,-2237,-885,-3583
5,8204,-8268,10368,-3072,1966,-4809
5,12352,-7132,9472,619,7229,-3662
5,10500,-7996,12520,-5908,479,6428
5,7808,-7660,12568,-3617,-764,3954
5,10680,-9600,10196,713,-3598,298
5,8128,-8012,11588,788,338,45
5,9684,-9288,10756,-1260,283,774
5,8784,-8828,11684,-116,0,156
5,9092,-8808,10576,-494,-60,-61
5,8892,-9052,10992,-121,305,-44
5,9356,-9128,10608,-755,307,-59
5,8508,-8632,11016,-160,-143,35
5,9216,-9204,10380,-774,245,315
5,8868,-9076,11032,-293,432,-328
5,9516,-9556,10628,279,-685,-5
5,8668,-8916,10384,-565,34,55
5,9300,-9020,10748,-699,44,434
5,8980,-9024,10764,-107,474,-603
5,9080,-9028,10440,-102,-116,305
5,9160,-9176,10636,-626,423,-301
5,9208,-9168,10368,-267,20,348
5,9080,-9180,10336,-347,319,-448
5,9144,-9052,10868,38,-234,110
5,9172,-9224,10420,-643,537,-221
5,8952,-9092,10352,-200,-235,242
5,9320,-9424,10476,-424,505,-287
5,8920,-9176,10684,-107,-88,104
5,9276,-9376,10272,-467,422,-212
5,8960,-9276,10788,-7,38,173
5,9240,-9324,10116,-450,395,-255
5,8900,-9304,10608,72,-20,37
5,9360,-9348,10168,-403,337,-102
5,9012,-9248,10680,-74,51,22
5,9268,-9312,10040,-468,259,-42
5,9060,-9332,10600,-82,100,-37
5,9420,-9352,10100,-383,213,-8
5,9036,-9264,10660,-118,326,-174
5,9220,-9420,10188,-474,127,178
5,8976,-9404,10408,-381,306,-170
5,9348,-9488,10008,-237,156,68
5,9068,-9356,10568,-105,406,-607
5,9192,-9464,10000,46,-340,281
5,8968,-9220,10648,-426,678,-528
5,9404,-9424,10492,-27,-138,175
5,9084,-9388,10348,-365,471,-597
5,9224,-9276,10160,83,-428,391
5,9508,-9532,10216,-552,552,-428
5,9176,-9344,10400,27,-452,314
5,9476,-9584,9948,-158,329,-497
5,8896,-9300,10436,-184,-13,206
5,9492,-9516,10088,-331,160,-14
5,9108,-9340,10356,-213,417,-327
5,9460,-9512,9980,-301,113,54
5,9260,-9252,10168,-315,178,-284
5,9544,-9396,10240,-39,-271,-224
5,8588,-8724,10284,-344,-2328,-609
5,9624,-9516,9916,-255,-58,333
5,9688,-9356,10236,-209,-235,-613
5,9600,-9100,9740,417,-790,-357
5,9692,-9148,9680,-300,-303,-112
5,9976,-9288,10148,-178,60,-28
5,9952,-9220,9820,-77,-106,-226
5,9828,-9096,9828,-161,-1,-272
5,9940,-9144,9780,-382,271,517
5,9988,-9336,9816,-441,351,19
5,9832,-9184,9864,28,196,-410
5,9728,-9208,9804,-230,353,-4
5,9808,-9232,10068,-351,198,311
5,9988,-9360,9664,-331,101,91
5,9768,-9496,9608,-286,150,-82
5,9840,-9216,10148,-135,330,-321
5,9788,-9152,9604,-26,-54,-459
5,9856,-9176,9852,-500,535,107
5,9872,-9248,9980,-366,312,-84
5,9904,-9160,9872,-73,218,-194
5,9976,-9220,9808,-279,348,-148
5,9896,-9188,9876,-84,69,-19
5,9836,-9116,9900,-214,-56,-102
5,9772,-9084,9828,-254,49,88
5,9952,-9276,9692,-390,282,-180
5,9896,-9172,9864,140,-34,-226
5,10056,-9144,9496,-147,-82,-73
5,10016,-9128,9836,-293,97,-132
5,9888,-9108,9884,-186,225,-197
5,9812,-8976,9856,-205,-72,-181
5,10204,-9124,9600,-295,186,-38
5,10020,-8948,10100,276,-417,-285
5,9768,-9236,9408,-523,-337,146
5,10336,-9192,9000,-486,-45,304
5,10272,-9292,9600,-711,1056,696
5,10140,-9300,9840,-369,373,-362
5,9988,-9172,9616,93,751,-392
5,9956,-9156,9752,-418,856,-115
5,10044,-9260,9812,-235,371,-132
5,9848,-9192,9760,-370,576,-83
5,9876,-9344,9796,-439,439,206
5,9776,-9436,9748,-307,481,-267
5,9648,-9268,9888,-358,145,252
5,9744,-9428,9580,-345,461,-53
5,9740,-9328,9992,-162,-65,354
5,9936,-9544,9672,-131,-27,25
5,9732,-9356,9952,-34,-351,-221
5,9976,-9448,9712,169,-505,-391
5,9900,-9304,9624,51,-79,-411
5,10012,-9280,9540,3,-402,54
5,10064,-9228,9504,-190,-332,269
5,10136,-9256,9732,-81,-181,229
5,10192,-9272,9652,-135,-52,-163
5,10224,-9232,9276,-110,55,-146
5,10152,-9268,9508,-391,209,22
5,10196,-9248,9332,-208,108,-2
5,10104,-9292,9800,-159,174,-117
5,10296,-9284,9596,-17,77,-390
5,11164,-9124,11264,3242,-1325,-4481
5,13512,-7008,12792,1995,-1609,-4559
5,11644,-7320,9992,-2425,-1428,-3015
5,10668,-8064,7828,-1540,3265,6531
5,10056,-8316,8300,2213,-10009,8068
5,5484,-8432,8232,-2255,-12122,10382
5,12484,-8932,3376,2076,-11393,1371
5,14156,-16704,5828,574,5089,-3085
5,11228,-10740,5320,-2526,2175,-112
5,11836,-9836,6768,798,12561,-1974
5,10468,-9040,10740,34,5231,-425
5,10576,-9272,8816,-664,-565,911
5,10312,-10248,9396,633,-2596,1081
5,9696,-9612,9252,-1321,-1156,928
5,10332,-10144,9512,1062,401,-236
5,10608,-8912,8284,-1247,-372,-27
5,11072,-9796,8072,677,-613,-51
5,10356,-9072,8772,78,-2293,-584
5,11560,-9292,7768,-644,1639,239
5,11216,-9176,8752,-2521,1480,2441
5,10684,-9764,7580,-2206,2064,1998
5,7776,-10864,10032,-725,2516,902
5,8136,-10364,9092,331,1648,-966
5,8468,-10652,9996,665,278,-19
5,8460,-9880,8948,-485,101,-116
5,7888,-10900,10584,1034,732,-63
5,7428,-10052,8656,-1429,2521,-135
5,7636,-11888,9576,-2302,3470,4529
5,5420,-12580,9984,-3386,3556,1182
5,6452,-11456,9804,2895,2158,-4056
5,8496,-11044,9660,-682,2870,-541
5,7588,-14760,12704,6302,1929,-1900
5,-2428,6336,6536,32767,-21027,-32768
5,16544,9684,14072,-13745,886,28647
5,-3140,-6536,3076,-32768,32767,32767
5,948,-17068,6276,370,-17458,-2554
5,4360,-18388,15100,10663,-8183,-6141
5,4884,-11544,13564,30109,-10660,-28186
5,18796,1660,2840,32767,-19594,-31717
5,12472,2012,5756,-32768,23883,32767
5,-1940,-13304,19444,-25878,12184,20193
5,5860,-12160,6696,-1971,-1466,-3317
5,4608,-12812,10648,-238,-447,-1894
5,4648,-14216,10728,-1383,701,-172
5,5776,-13304,10620,-2503,1666,1436
5,5196,-13240,9648,-4499,2663,3476
5,7552,-20300,16352,21897,-13471,-16666
5,25232,6448,3256,32767,-32768,-32768
5,13348,2688,6252,-24205,10321,32767
5,4148,-11724,11528,-32768,23541,24968
5,5460,-12292,11068,-8221,7606,6361
5,4168,-13700,10948,-2492,1257,1638
5,4688,-15092,9668,400,-38,-1272
5,3756,-11916,6248,32767,-22356,-32768
5,20088,7384,11924,29755,-3573,-13826
5,14116,1380,2964,-32768,29636,32767
5,1972,-15400,13472,-26185,15366,18253
5,7276,-13984,6140,-2714,2765,-957
5,5236,-13448,10312,-1920,-1432,908
5,5636,-14640,10664,6824,-4578,-6345
5,3220,-1004,6124,32767,-32768,-32768
5,19444,10444,13324,13999,2274,-11294
5,11440,-284,2944,-32768,32307,32767
5,-2944,-12288,11004,-21629,17491,19935
5,1960,-19028,6896,-6866,-470,6415
5,2964,-14692,7812,5427,-7293,-6638
5,-180,-14164,7688,32767,-11947,-32768
5,18032,1604,1944,32767,-9668,-32768
5,17048,7248,10024,-19342,10057,26422
5,1096,-9796,14100,-32768,32767,29072
5,5792,-12744,9516,-7178,-1366,4981
5,2272,-14956,9024,-2586,659,1114
5,3868,-14512,9956,13426,-5090,-10391
5,3968,-1524,5248,32767,-32768,-32768
5,14980,11160,17156,15558,5886,-5509
5,11080,-492,4720,-32768,29206,32767
5,516,-9556,13464,-21538,7404,17335
5,4828,-12984,5740,-2104,1297,-2696
5,4660,-13296,9888,1546,-3847,-1576
5,6196,-15840,9128,23440,-10542,-17486
5,15892,3064,3148,32767,-26098,-32768
5,17224,8768,8308,-15216,9813,28887
5,6140,-5976,5952,-32768,32767,32767
5,2260,-13540,11816,-5355,-9123,5402
5,5376,-12344,7668,9,3033,-1832
5,5484,-13804,11212,1433,-3693,-586
5,-5580,-9912,2676,32767,-25124,-32768
5,20184,18264,17196,22474,5804,-8348
5,9688,380,4428,-32768,26378,32767
5,-1460,-14468,14664,-21736,15563,19120
5,3728,-12892,6744,-23,3664,-4604
5,4368,-14244,11416,-784,-3059,-1799
5,6692,-15384,11100,8411,-7681,-13316
5,9932,3460,-560,32767,-18444,-32768
5,17920,10876,9868,-18429,2786,30740
5,6860,-5416,7608,-32768,26758,32767
5,4352,-10892,11940,-10274,2072,7399
5,4216,-13932,7608,-1487,-5883,-2217
5,4780,-13416,8708,4322,-3305,-3186
5,4000,-12600,8080,21390,-14646,-19015
5,6844,460,3400,32767,-10944,-32768
5,19220,11940,5676,-32768,19204,32767
5,2724,-10132,16792,-32768,21088,28796
5,5300,-12216,9164,-6942,-9947,4297
5,2784,-14624,10136,-2565,2479,2193
5,3896,-14052,7788,809,-4095,-3560
5,5572,-16136,9456,-280,-203,97
5,8096,-15204,10468,6378,-6218,-10074
5,4640,2712,2280,32767,-19258,-32768
5,18804,14396,12428,-25216,6124,25277
5,-348,-8776,13692,-32768,28103,30989
5,6188,-12204,13728,-12013,-5128,7957
5,1936,-14500,7868,101,1902,436
5,3756,-14412,7580,835,-376,-1863
5,6244,-14852,10108,7150,-3772,-8140
5,-1620,-7104,6028,32767,-20442,-32768
5,18264,18484,19620,19808,4440,-9656
5,7520,156,8188,-32768,16921,28953
5,-428,-9592,14560,-24627,17462,22659
5,3504,-15088,6004,-2656,-5505,-2649
5,4140,-12388,9064,2881,-126,-3745
5,5152,-12164,9000,1357,-569,-2295
5,4600,-13148,11192,11729,-2120,-7407
5,3016,-5624,2248,32767,-9299,-32768
5,20708,17124,14144,-1874,-2249,10157
5,9040,-332,6172,-32768,12117,28468
5,-1484,-15572,11856,-16340,9731,16863
5,5176,-15628,5656,-4177,-324,1232
5,3936,-14384,8760,1051,81,-1298
5,5296,-15208,9148,3773,223,-2608
5,5952,-15800,10524,12517,-6042,-7846
5,1932,-464,3632,32767,-19142,-32768
5,22348,13592,9420,-12854,8033,15630
5,4204,-4436,8300,-32768,32158,28355
5,948,-12800,7616,-9525,-5827,7711
5,1280,-14272,7752,-1497,1316,2390
5,240,-14792,6916,5918,2129,-2360
5,2444,-14948,9796,17398,470,-11942
5,136,-1908,5500,32767,-15010,-32768
5,16260,11160,13504,4186,-5607,17612
5,8620,68,11036,-21042,3212,7104
5,4204,-5732,13932,-32768,21898,19709
5,2364,-12748,10768,-16588,-10997,11904
5,-396,-14664,8832,1143,3178,2965
5,2252,-11916,9500,21961,-2634,-11122
5,1704,1744,6292,32767,-18868,-32768
5,13812,7984,13092,501,-1422,16037
5,9692,1820,12900,-21861,428,9586
5,2268,-6220,16076,-32768,16791,23791
5,-228,-17852,284,-15635,-6279,17647
5,-3796,-15344,4596,4424,-4574,-3475
5,1100,-16240,10084,19987,-17028,-16080
5,4504,-176,4556,32767,-13033,-32768
5,14868,12052,13364,-6630,2219,15758
5,9004,3252,12400,-19169,1102,14123
5,100,-9692,16128,-32768,30995,23244
5,-984,-24152,-1576,-12846,2615,14547
5,328,-17028,7724,9395,-10966,-8164
5,108,-10072,6592,31302,-8688,-27964
5,7316,4444,11844,32767,11945,-32768
5,11472,7372,13752,-5303,2888,17123
5,8780,-1560,4696,-32768,24143,32767
5,952,-13184,18068,-24189,-10139,14747
5,1276,-14952,4200,2537,-216,-2096
5,1828,-18776,12020,23048,-17776,-14082
5,8876,1600,2428,32767,-18660,-32768
5,14468,10016,12432,-18985,5537,27349
5,7236,-3692,5672,-32768,17178,32767
5,-2288,-18212,7180,-16629,-7,13466
5,-308,-19120,7492,7703,-6740,-7956
5,-2188,-10144,-3764,32767,-10985,-32768
5,13500,10784,18568,32767,-1637,-22505
5,11108,5288,10768,-28359,9342,19554
5,4356,-7176,10004,-32768,31291,32767
5,-104,-18976,6592,-1378,-11197,1274
5,1412,-17488,10600,19903,-2948,-13277
5,8280,2736,636,32767,-29256,-32768
5,13644,6160,14736,-7064,-111,18612
5,7748,-3916,3936,-32768,19400,32765
5,864,-11812,19024,-24570,-6289,19546
5,-2872,-17176,6952,6407,-2184,-4537
5,-4060,-13452,4888,32767,-13113,-32768
5,15328,14640,15236,32767,7156,-32768
5,8820,4496,14128,-32768,11658,32767
5,2868,-9768,11352,-32768,29784,29120
5,2580,-18184,4560,1577,-12472,-3595
5,208,-14020,2316,27295,-4662,-23973
5,11444,4608,10272,32767,-4439,-32768
5,11588,4276,12988,-32768,15217,32020
5,1120,-10060,11464,-32768,29230,27124
5,4264,-22836,2484,-1267,-9617,-2620
5,3752,-15168,8128,20301,2836,-12928
5,5540,-716,3968,32767,-22130,-32768
5,16528,17740,16164,-9277,955,13363
5,8140,-1464,4228,-32768,18378,32767
5,1872,-12104,18652,-26010,476,15339
5,1876,-18320,4720,12327,-2721,-7506
5,-7596,-6868,6700,32767,-17261,-32768
5,21440,24292,12480,24239,5460,-22957
5,10032,2980,8108,-32768,15043,32767
5,2072,-12972,11600,-32768,24659,23735
5,2540,-26988,-1480,-446,-5827,2293
5,-6724,-19164,5676,32767,-5768,-25481
5,16856,6312,2132,32767,4663,-32768
5,10296,8176,15620,-16372,3468,27423
5,7280,-4648,2836,-32768,23029,31886
5,4964,-9780,23792,-32768,-1550,20761
5,-268,-17328,4740,22296,-16979,-11808
5,1972,4012,-2120,32767,-16107,-32768
5,13952,23320,18736,-17008,-1610,17962
5,9976,1916,6980,-32768,3185,32767
5,-3228,-9064,12876,-26797,18867,16725
5,552,-18664,5916,12358,-15767,-6469
5,-228,-14012,4364,32767,-6145,-28303
5,12764,3648,7824,32767,-7027,-32768
5,15608,11820,11864,-7865,729,19209
5,9628,-960,7036,-32768,10999,30955
5,-1928,-8772,11804,-23136,11855,15880
5,3652,-18100,3744,-966,-7096,2638
5,1184,-15844,9024,27720,-5785,-14962
5,7044,564,2956,32767,-9470,-32768
5,15980,13688,13096,-14678,2503,21172
5,8576,-1800,6116,-32768,12856,30670
5,-1176,-10972,10396,-22874,1516,14061
5,2704,-16820,2436,3138,-5171,-368
5,4736,-17956,9248,21984,-5047,-10051
5,-304,-2856,3624,32767,-11701,-32768
5,21048,24480,14972,-5727,244,10430
5,6588,36,9416,-32768,8140,29467
5,-416,-14668,9460,-17915,12728,12781
5,1764,-16532,2988,-1043,-4538,141
5,4984,-16620,7216,15390,-4603,-8541
5,5752,-8512,9168,32767,-9763,-32768
5,14888,15160,16200,28544,-8015,-15639
5,8040,3824,12216,-32768,8531,27703
5,3808,-12924,11964,-32768,26711,22311
5,3788,-16520,4196,-9901,-3500,5107
5,3980,-16708,8044,13187,-2718,-5380
5,-348,-5916,10244,32767,-21610,-32768
5,21564,23384,17612,4968,1903,3372
5,7676,648,12232,-32768,11353,18983
5,744,-13148,12416,-30113,18680,19625
5,4132,-22000,2672,-9021,-8050,6917
5,2052,-19788,7556,19065,-14088,-12765
5,4292,-212,2200,32767,-19032,-32768
5,20324,18804,13104,-3522,-1547,8749
5,7516,1440,10708,-32768,4356,25913
5,3004,-9272,7220,-32768,30108,24128
5,152,-22460,3376,-696,-6042,5348
5,1204,-18328,6772,15005,-25846,-20600
5,6636,-3872,1428,32767,-4345,-32768
5,15992,18756,18852,9920,-549,-10417
5,10200,3216,11296,-21542,-3597,22576
5,7464,-8944,7600,-32768,20879,27391
5,-792,-22068,744,-13634,1042,13594
5,1608,-18660,8004,17762,-19106,-15874
5,2228,1516,284,32767,-14324,-32768
5,17148,20964,18360,-237,-1287,822
5,8072,1772,10096,-32768,3882,29059
5,1756,-5968,9952,-32768,27664,22985
5,528,-19448,1376,874,-4331,2690
5,328,-23180,5700,19745,-30011,-23685
5,8860,-424,1872,32767,8542,-32768
5,19804,17272,11760,-17721,-1067,14096
5,9296,1252,8312,-32768,3267,31595
5,108,-7964,9468,-22746,15899,18961
5,956,-18028,5368,7656,-17289,-5391
5,5856,-8592,5124,32767,-3392,-32455
5,11720,6912,9488,32767,-8919,-32768
5,12440,7980,12120,-8437,7815,24072
5,8808,-3084,3448,-32768,22330,32767
5,140,-11632,12932,-17051,12185,10395
5,1964,-16392,5864,6284,-4396,-6705
5,-1692,-14184,892,32767,-6255,-32768
5,15004,11192,15248,32767,-1,-32768
5,10008,6856,12936,-24386,8069,26396
5,7104,-8560,4608,-32768,24200,29411
5,3268,-11956,19488,-24195,-456,11991
5,3388,-18324,5732,9869,-6586,-8273
5,-1844,-7900,7436,32767,-13914,-32768
5,26060,32136,15616,20358,1339,-10925
5,8032,1736,9240,-32768,13360,27548
5,4368,-14580,10092,-32768,28317,23842
5,1460,-18668,3088,-8364,-12171,4805
5,3460,-16504,6872,12321,-9954,-9334
5,1756,-8448,10472,32767,-21263,-32768
5,23832,23176,11188,21883,453,-15548
5,8060,1636,8848,-32768,20462,26225
5,2704,-10404,10244,-32768,30110,23062
5,2032,-18708,3480,-7676,-8984,1523
5,3396,-14460,8208,15110,-12745,-11621
5,-84,-3532,3816,32767,-17687,-32768
5,20636,25300,13844,6183,377,5185
5,10012,24,5072,-32768,18856,31055
5,-3624,-10480,9268,-21732,12069,21524
5,3068,-20180,1384,337,-6809,-1281
5,1016,-16240,6328,32767,2717,-20048
5,19572,10480,5196,32767,-18553,-32768
5,9588,7464,12764,-22148,8147,31547
5,5732,-5760,6276,-32768,23410,25736
5,3084,-12244,8980,-13473,425,7113
5,3256,-16124,7128,7019,-5811,-4554
5,1884,-13020,7952,32767,-4097,-28088
5,13696,7892,9832,32767,-8242,-32444
5,13416,5556,10620,-30747,12552,27542
5,4592,-9380,9620,-32768,14749,24685
5,3148,-17172,8200,-9222,-11181,6142
5,4624,-14380,6244,23046,-4883,-16449
5,8884,6192,7792,32767,-16748,-32768
5,14848,11328,9844,-23714,4850,30361
5,1880,-7332,14060,-32768,23730,29959
5,2456,-14504,11156,-20389,-2981,7879
5,1684,-16868,4792,4179,-1367,-1852
5,5528,-15808,9512,25632,-10481,-18648
5,5876,3596,3992,32767,-19876,-32768
5,17780,15152,8112,-29186,11227,32767
5,1608,-9432,15628,-32768,29311,27684
5,1852,-15376,7508,-13157,-7022,1741
5,4728,-16940,5940,14105,-3973,-9735
5,1076,-4980,7216,32767,-15752,-32768
5,17920,21332,17604,18832,660,-14143
5,9100,2896,9524,-30723,5031,29348
5,4080,-11920,13508,-32768,21870,18594
5,4928,-13936,12300,-13217,-5744,3101
5,6156,-14984,5192,21834,-5666,-13129
5,11376,4352,5720,32767,-8230,-32768
5,14036,10768,11836,-18362,2448,26788
5,5272,-5060,10260,-32768,13727,27694
5,2232,-13068,10108,-11343,-2697,8121
5,4112,-14828,6680,12203,-9808,-10129
5,5568,-4228,7328,32767,-6062,-32768
5,13996,17848,20656,14924,1311,-8279
5,10092,1484,6868,-32768,14448,28253
5,-120,-11636,11404,-25767,5625,22561
5,4116,-16792,3344,-1844,-4421,1007
5,5960,-16016,10772,24156,-11536,-16128
5,5084,828,4308,32767,-10875,-32768
5,20168,21096,12588,-15440,3515,16515
5,4756,-2168,6996,-32768,19220,30259
5,2152,-14204,10336,-8776,-6159,7754
5,3940,-13900,5176,-1569,-380,-542
5,5632,-16520,9628,17426,-6059,-9814
5,1728,-1156,7832,32767,-21263,-32768
5,18392,20820,17060,2283,4152,1678
5,7264,-2820,7480,-32768,31943,22164
5,3832,-13272,10988,-18792,-15043,12231
5,3992,-13328,6592,25184,-6553,-15694
5,10500,5304,13540,32767,-13081,-32768
5,13752,6032,10148,-14478,9476,29428
5,5816,-4740,9064,-32768,21546,23691
5,3744,-10780,7972,-19463,2829,12176
5,2004,-18656,4544,-7942,4131,4486
5,3724,-19508,10324,27358,-12240,-14296
5,6308,7260,-1960,32767,-29757,-32768
5,14504,17952,12480,-32768,7054,32767
5,1624,-8772,11968,-32768,29238,30390
5,2268,-16752,6832,-3911,-10171,1910
5,2752,-14300,4352,26254,-5643,-18503
5,11212,6084,9364,32767,-16443,-32768
5,13876,9008,7848,-32768,17224,32767
5,432,-11060,14756,-32768,15565,23142
5,2280,-18864,4200,-9348,-8668,3788
5,4632,-17736,9060,16134,-6359,-10703
5,76,-92,2740,32767,-17558,-32768
5,20196,26096,16868,-10606,1416,17663
5,3804,-3336,4392,-32768,24338,28143
5,5220,-10708,18764,-25522,5709,18884
5,752,-19604,7380,17683,-17902,-14200
5,3072,56,-1536,32767,-31628,-32768
5,18224,24788,16976,-7187,-1526,8050
5,9176,256,7868,-32768,11022,25630
5,1688,-10376,9460,-32768,15834,20471
5,1528,-25756,4048,879,-6752,1785
5,3512,-18164,6984,25185,-11489,-24546
5,11268,1192,3464,32767,-2521,-32768
5,17120,10992,10820,-13762,2472,20742
5,6512,-2724,8300,-32768,14154,30181
5,2104,-12696,10912,-20829,10898,12848
5,2792,-17728,6060,9186,-12870,-7123
5,-1100,-8252,9836,32767,-9048,-32768
5,13796,15936,18440,31264,2578,-20296
5,9524,4480,12152,-32768,10274,28394
5,2872,-11048,10612,-32768,19805,23256
5,1988,-21584,3376,-5371,-11721,3176
5,2112,-15116,2216,20875,-5553,-22990
5,10124,3604,7336,32767,2540,-32768
5,14756,9408,11644,-17106,3141,25015
5,4880,-4580,7368,-32768,18800,32767
5,2888,-8504,8488,-13061,6870,6777
5,2448,-17708,6180,2345,-1702,-1025
5,-972,-16308,3864,24486,-6664,-27950
5,14428,8332,6856,32767,1037,-32768
5,12608,6588,9040,-30013,11374,32767
5,3344,-10192,11244,-32768,15340,26827
5,4668,-17120,9228,-3475,-8791,-1018
5,764,-15392,3632,26319,-1101,-31675
5,16488,8728,11428,32767,8088,-30022
5,11828,4500,10252,-31779,10127,29086
5,4036,-9452,8860,-32768,13333,26951
5,240,-20460,3720,-7002,-391,5732
5,2600,-16652,10240,18319,-9922,-16345
5,8760,1912,-784,32767,-9342,-32768
5,18036,22040,17040,-19432,587,17309
5,5016,-2236,5996,-32768,16325,32767
5,2108,-15560,8272,-7966,-4003,6475
5,3276,-16996,6264,12337,-7401,-12366
5,3276,-1576,6132,32767,-13047,-32768
5,17808,23040,18800,3614,964,-1923
5,8008,56,8204,-32768,8424,32040
5,-1716,-9692,8140,-20487,9849,19873
5,1860,-18080,7720,7897,-13466,-6535
5,-704,-11668,2180,32767,-7714,-32768
5,15884,18296,18272,32767,-332,-30234
5,8872,6260,11204,-32768,16904,32767
5,4048,-14248,9920,-32768,20933,26151
5,5444,-12116,9992,-19141,-8256,9424
5,1964,-13700,9476,-3857,4636,-1234
5,4768,-12892,11332,17484,-10300,-18426
5,4272,-1440,-1880,32767,-5881,-32768
5,21588,19392,8208,-7506,1149,19998
5,6956,404,14028,-24520,855,20086
5,8884,-4196,13204,-15824,10559,8803
5,8016,-8188,10840,-10091,6970,5980
5,8124,-9152,9748,-14264,9787,8469
5,-56,-14172,12112,-15489,1778,15120
5,-108,-17512,6524,9191,-11070,-13589
5,2752,-6188,6192,32767,-14413,-32768
5,16316,16364,16848,25124,1966,-32768
5,10012,5540,12196,-31195,9357,32767
5,6008,-11104,12032,-32768,11600,27832
5,3796,-13700,9176,-8839,-266,10305
5,3104,-16668,8016,6065,-6490,-7950
5,3900,-8360,6948,32767,-8647,-32768
5,14972,11220,12628,32767,-3837,-32768
5,13160,6412,10984,-32768,13211,32767
5,1344,-12436,11016,-32768,18478,31185
5,-636,-20924,2524,-10087,-12640,2432
5,-1500,-15116,388,32767,-2568,-30353
5,16268,11560,5160,32767,-11313,-32768
5,11292,7348,13684,-22972,6884,30024
5,4572,-5816,8440,-32768,19342,32767
5,3148,-13876,8828,-7587,-1833,9686
5,3312,-15168,7648,-1103,100,-749
5,2464,-14792,10068,17356,-12790,-14411
5,8848,3820,6312,32767,-18444,-32768
5,16748,16440,14764,-32768,15597,20121
5,1604,-8920,13760,-32768,15390,28857
5,2520,-17052,10036,-10946,-10168,10564
5,1112,-14744,6220,24894,-9171,-19642
5,9028,5828,9208,32767,-13847,-32768
5,14432,14588,13488,-30467,8574,30502
5,3536,-7348,11300,-32768,23408,31851
5,2872,-13004,5672,-5153,-4717,5313
5,2900,-18412,8008,12868,-8961,-8880
5,3056,-4956,6980,32767,-22828,-32768
5,18020,19348,15708,13954,4418,-18227
5,8676,2820,10840,-32768,10268,32176
5,4952,-13336,11384,-32768,19704,20839
5,3260,-12876,8404,-15223,-2664,8657
5,3560,-17300,8312,14952,-11294,-11138
5,3500,-3612,2020,32767,-17385,-32768
5,19188,24016,15856,7626,4327,-3092
5,8632,556,8856,-32768,12622,32173
5,2544,-12640,10340,-27425,12689,18040
5,2640,-17472,3848,-9244,-3527,2930
5,3396,-16564,8856,18953,-9652,-11990
5,4212,-352,3296,32767,-18092,-32768
5,18300,23680,17012,-15901,6258,16097
5,5856,-1816,7408,-32768,19905,31539
5,4,-15560,8100,-12938,4476,3242
5,4108,-17120,6496,10256,-7579,-7718
5,264,-6676,4448,32767,-16221,-32768
5,21648,24716,14584,17349,117,-14415
5,8532,1616,8380,-32768,15219,30779
5,800,-10588,13548,-32768,17281,20455
5,3720,-19844,2248,-532,-9851,-2953
5,-1888,-15620,3204,32767,-7973,-30817
5,15764,15444,10240,32767,-3160,-32768
5,8868,5488,11996,-32768,18500,29441
5,4064,-8816,10060,-32768,12963,27544
5,-2924,-7136,2704,-29464,1444,21944
5,-4364,-15180,5756,9605,-6198,-10976
5,224,-7476,-344,32767,-12771,-32768
5,11648,4592,11276,32767,-3571,-32768
5,13668,8868,10900,-16916,10195,26759
5,744,-9004,8816,-32768,30980,32767
5,-3936,-32768,-1960,-12291,-2687,12283
5,-2880,-18116,6680,13164,-15872,-16979
5,1624,1176,3756,32767,-15823,-32768
5,18312,16780,13676,31251,-2958,-32768
5,12656,7960,9148,-32768,11015,32767
5,-3168,-8468,21140,-32768,22154,27265
5,1624,-21688,-6368,-5126,-16127,5021
5,432,-20696,5592,17114,-15902,-16787
5,2296,-1776,6188,32767,-12806,-32768
5,19984,27744,17688,16451,-46,-23980
5,9240,2796,4172,-32768,24025,32767
5,732,-11336,27288,-30935,-9476,18247
5,-3972,-21392,-572,9864,-5627,-13113
5,1840,-14620,-5584,32767,-2316,-29557
5,8448,7220,11264,32767,-13134,-32768
5,15144,15172,11580,-16725,5851,30648
5,2660,-5216,2764,-32768,26415,32767
5,-4728,-19556,-6504,-14262,-2546,14209
5,-208,-17788,4856,17316,-13997,-17071
5,-3280,6704,2708,32767,-4772,-32768
5,20388,26752,16248,11278,5122,-15508
5,10000,5028,6936,-32768,12937,32767
5,3728,-6944,28676,-32768,18301,22363
5,-940,-20132,-488,6010,134,-6217
5,440,-17920,-5052,30650,-7469,-27606
5,9128,5400,8448,32767,-17368,-32768
5,13348,12772,10960,-23923,14049,32767
5,2748,-7292,6284,-32768,25094,32736
5,-468,-26700,-3036,-12794,-10737,12065
5,1236,-17948,6272,16837,-16714,-16327
5,1612,572,-1160,32767,-6113,-32768
5,20548,27852,15148,3830,-725,-9606
5,9476,3000,5244,-32768,18544,32767
5,8992,60,32767,-32768,2836,23877
5,-340,-17732,-1280,4711,-3869,-6290
5,1700,-15276,-2216,29911,-4455,-26093
5,9024,3420,7288,32767,-13080,-32768
5,13484,11936,12140,-10577,7526,24663
5,6744,-972,3476,-32768,26454,32767
5,1508,-9772,27856,-32768,1653,22888
5,-388,-19460,1052,9582,-2249,-10670
5,-604,-10788,-2716,32767,-7443,-32768
5,14996,10620,11336,32767,-11729,-32768
5,11368,9172,12952,-25725,13941,32767
5,3252,-8248,7120,-32768,16785,32767
5,-440,-22164,-1720,-11292,-5825,10952
5,1644,-19432,8400,17240,-15746,-17196
5,1496,-176,-1408,32767,-5540,-32768
5,19616,26812,14272,-5986,-252,7251
5,9032,1952,6264,-32768,17325,32767
5,3400,-6048,31604,-32768,6523,21076
5,-688,-16672,60,5107,-4297,-5608
5,848,-16596,-3248,32767,-8846,-25654
5,10808,5508,7968,32767,-14613,-32768
5,14260,11112,9612,-15944,5951,29432
5,1384,-6316,8724,-32768,30545,30796
5,-1520,-15160,6652,-12266,-14493,10729
5,-132,-20440,6036,10114,-2722,-7699
5,-3224,-3472,888,32767,-17180,-32768
5,20200,20820,14500,32767,-589,-32768
5,9460,5616,11204,-32768,8696,28093
5,3312,-11832,6800,-32768,26710,28665
5,3624,-32768,-4564,-7234,-3044,10615
5,1088,-22912,7884,19400,-30672,-22545
5,7120,-2236,1384,32767,-8471,-32768
5,15816,17312,16424,-18629,3488,19501
5,8232,-2972,1012,-32768,28029,32767
5,1756,-17200,20900,-31076,-4353,15661
5,660,-18168,4600,7798,-2801,-9187
5,-1332,-4932,6616,32767,-18292,-32768
5,22172,22788,14656,32609,-1888,-28016
5,10500,4028,10636,-29459,8517,27205
5,360,-13372,14160,-32768,32767,26186
5,-1032,-16652,172,-16076,4545,14084
5,-5292,-16240,6372,2344,-889,-2924
5,2320,-15884,5232,11559,-7381,-13837
5,-2216,-1804,9580,32767,-30006,-32768
5,22336,32767,20232,17248,5503,-7819
5,7360,2516,11216,-19415,273,17256
5,1636,-9248,9288,-32768,32767,28172
5,-1832,-17500,-3328,-22159,-19,17623
5,-4300,-18124,7980,11055,-7730,-7168
5,372,3380,7520,32767,-27815,-32768
5,19160,26088,19220,19937,-252,-11778
5,9696,5184,11924,-17756,-4274,12084
5,6028,-6904,11892,-32768,24280,23167
5,-192,-14660,12196,-23452,-12724,17858
5,-1272,-18332,5716,9959,-5383,-9494
5,1068,-4564,2852,32767,-19339,-32768
5,10436,6736,12324,32767,4506,-32768
5,12924,12628,12872,-22966,9927,27622
5,4680,-8128,6816,-32768,25205,25175
5,-980,-16784,288,-14132,-14327,15535
5,-816,-16348,7732,12639,-9383,-11347
5,1592,-2220,-248,32767,-14004,-32768
5,21120,28656,17916,7057,1726,-6995
5,6536,-1404,4632,-32768,25741,29656
5,-248,-14176,11912,-24387,-7662,18801
5,-1000,-17744,1144,8891,-2335,-4751
5,2224,-12844,4384,32767,-13776,-32768
5,11768,11768,11444,32767,-11681,-32768
5,11492,9812,8512,-32768,17598,32767
5,564,-14052,11324,-32768,31158,26515
5,612,-30628,-1652,-4078,-7174,1978
5,-68,-17440,304,24751,-9762,-25234
5,7004,3872,7112,32767,-5432,-32768
5,14388,13364,11912,-28611,12611,32767
5,-324,-9976,8796,-32768,25443,28919
5,232,-32768,-3012,-6248,-11313,6503
5,-1348,-17348,1364,25681,-14878,-27197
5,10308,7204,6532,32767,-4861,-32768
5,15472,8092,5952,-32768,13728,32767
5,204,-11600,9212,-32768,20481,28618
5,-32,-28152,608,-6374,-8233,5155
5,996,-19364,4480,19365,-17290,-21622
5,3336,212,4008,32767,-12590,-32768
5,17828,19304,13192,-21959,6442,32767
5,1560,-5852,2360,-32768,31713,32767
5,-3756,-32708,-9588,-7715,-6780,8164
5,2700,-16728,4368,22900,-18381,-22947
5,6216,3140,6304,32767,-7910,-32768
5,16580,18044,14800,-17764,2680,25858
5,576,-7800,3156,-32768,32767,32767
5,-1696,-18724,7456,-20864,-25730,15985
5,-1976,-15808,1184,32767,-5446,-32768
5,16984,13700,11384,32767,-11614,-32768
5,9976,7308,9092,-32768,19091,32767
5,-888,-15920,11028,-32768,30186,19383
5,5812,-22036,2432,13524,-31299,-11140
5,1744,-4840,2460,32767,-7207,-32768
5,20356,29488,15020,-6225,5236,-1149
5,7244,-2352,2724,-32768,21516,29613
5,-1124,-16612,15092,-21405,-5668,13366
5,4448,-14532,1180,32767,-27431,-28515
5,15440,8284,10524,32767,-3953,-32768
5,12900,6172,8032,-32768,13795,32767
5,-604,-14408,12284,-32768,24446,22317
5,-296,-17944,2896,28297,-32768,-14207
5,7692,1716,6392,32767,-12068,-32768
5,15756,16988,14672,-23348,8175,23825
5,2332,-8516,3132,-32768,32767,32767
5,140,-17188,4488,-7859,-17781,2919
5,2224,-13800,-716,32767,-9419,-25002
5,13828,7508,8976,32767,-18855,-32768
5,11376,7092,8384,-32768,16909,32767
5,652,-14344,10792,-32768,29967,24751
5,3364,-19852,2676,9703,-27623,-9956
5,2180,-7124,2740,32767,-9894,-32768
5,21096,29072,16736,9308,4840,-9875
5,5820,-2164,3584,-32768,28410,32767
5,-4632,-22504,6968,-9108,-8508,1273
5,2752,-9396,-1760,32767,-8150,-32768
5,16248,12816,13152,32767,-13967,-32768
5,9528,512,7916,-32768,26186,32767
5,-556,-9960,11812,-32768,10405,21649
5,3564,-21788,1864,18535,-17675,-11262
5,-748,-2104,7832,32767,-20387,-32768
5,19332,23168,11000,-32768,19264,32767
5,-2948,-10428,8452,-32768,20053,23852
5,2336,-20508,2860,11475,-20161,-7767
5,-3008,-6144,4272,32767,-4520,-32768
5,24736,30924,14756,-4465,14381,5920
5,120,-7468,7408,-32768,20374,22016
5,2400,-20360,-2196,754,-17666,905
5,744,-16136,4036,32767,-4084,-29170
5,18460,14084,8448,32767,-10784,-32768
5,11452,-1616,1864,-32768,24844,32767
5,-1784,-14404,11688,-32768,12093,21116
5,1388,-17496,2444,32767,-21161,-23066
5,12324,7976,7680,32767,-15603,-32768
5,12244,8260,6940,-32768,16475,32767
5,-1524,-16136,11756,-32768,26639,26286
5,1656,-20708,964,13760,-29737,-12904
5,6108,-1000,132,32767,-3451,-32768
5,24136,31552,20980,-9994,15334,17519
5,-2592,-12172,5880,-32768,25144,27528
5,808,-31052,-9672,16675,-25866,-5054
5,-932,-4748,3356,32767,-26776,-32768
5,20160,27264,26100,-12279,26714,1400
5,5268,-8336,6540,-32768,14823,30325
5,-3720,-31144,-6784,4968,-31862,-379
5,4600,-7332,-992,32767,-4211,-32768
5,22296,22708,14848,30484,3694,-32768
5,6132,2144,4596,-32768,15856,32767
5,-4500,-17644,3988,-12725,-16257,14749
5,-4268,-15600,-5672,25007,-20889,-26616
5,8072,4400,3672,32767,-7329,-32768
5,10136,13532,13864,-32768,18458,32767
5,-1656,-12700,7772,-32768,16428,26215
5,2636,-18636,-1736,10503,-17540,-9372
5,104,-6688,1124,32767,-4181,-32768
5,23848,24804,16660,29426,1229,-32768
5,7572,-640,6120,-32768,10768,32767
5,-1188,-14296,4836,-19603,13784,17703
5,3700,-20744,-1724,20722,-23668,-17682
5,3268,-3716,7528,32767,-8382,-32768
5,17816,26436,19284,-8731,8413,11031
5,7728,-2448,4752,-32768,7919,32767
5,292,-13008,3796,-9376,4743,7272
5,4080,-19432,752,8736,-4668,-3876
5,-804,-7628,6292,32767,-6363,-32768
5,22508,22480,16392,17663,6003,-18721
5,9624,-1752,6124,-32768,13649,32767
5,2188,-18100,3872,-28795,16850,20415
5,484,-18496,5928,32767,-5966,-16188
5,18084,6868,7600,32767,-32727,-32768
5,12124,832,9736,-32768,20055,20324
5,5468,-12368,12008,-20612,2477,13972
5,8180,-11604,5916,4047,-7755,-421
